id,ts,symbol,side,limit_price,action,pair_id,mark_per_share,strike,expiration
6468d004-e0d9-4d09-b93e-fa8bd0b82c29,2026-05-01T12:33:00+00:00,ASTS,buy,1.28,roll_leap_close_short,ce390adb,1.28,83.0,2026-05-08
8569572c-efa0-477b-a413-09c9fc368b88,2026-05-01T15:12:54+00:00,MARA,buy,1.72,roll_short_call_close,ae58e527,1.72,10.5,2026-05-01
ec6b6803-a68e-429c-b1f9-f720d96b2d5a,2026-05-01T15:12:57+00:00,MARA,sell,0.44,roll_short_call_open,ae58e527,0.44,13.5,2026-05-15
2fc7e3a3-74e7-4277-8a3d-acbd58d12e13,2026-05-02T04:03:45+00:00,AMD,buy,126.05,open_leap,fff3ae7b,126.05,300.0,2027-06-17
ae800711-8036-400d-96fa-323d71efb32f,2026-05-02T04:03:45+00:00,AMD,sell,7.28,open_short_call,fff3ae7b,7.28,405.0,2026-05-15
826f4e96-6300-4d4e-994c-6645bac9048d,2026-05-04T14:03:15+00:00,MSTR,buy,18.65,roll_short_call_close,32d2df50,18.65,162.5,2026-05-08
282614e2-5f58-4ef2-82f3-9639f04cf5a3,2026-05-06T20:10:55+00:00,AMD,buy,243.68,open_leap,5988105b,243.68,200.0,2027-06-17
58e141ae-63f6-475c-98ac-2ee1d6dd475d,2026-05-06T20:10:55+00:00,AMD,sell,6.6,open_short_call,5988105b,6.6,460.0,2026-05-15
590aa102-e473-43b5-8e67-8d7b6e5e3d12,2026-05-08T21:21:04+00:00,ASTS,buy,4.68,roll_leap_close_short,282ed97d,4.68,78.0,2026-05-15
338d764d-024f-4cb8-b168-98a0fa83e107,2026-05-08T21:21:04+00:00,ASTS,sell,0.0,roll_leap_close,282ed97d,0.0,40.0,2026-06-18
ee12bf86-b2fc-4973-af30-9134f3408b20,2026-05-08T21:21:06+00:00,ASTS,buy,30.85,roll_leap_open,282ed97d,30.85,100.0,2027-12-17
d321d8b2-b351-4a65-bc52-5e8831a5a227,2026-05-08T21:21:10+00:00,ASTS,sell,3.68,roll_leap_open_short,282ed97d,3.68,81.0,2026-05-15
3dcb946a-038e-425a-bfb0-6bc4b571f90f,2026-05-08T21:38:54+00:00,ASTS,buy,4.68,roll_leap_close_short,9a57bf70,4.68,78.0,2026-05-15
cc02b186-6d7f-4c65-9716-63cd9a61641c,2026-05-08T21:38:56+00:00,ASTS,buy,30.85,roll_leap_open,9a57bf70,30.85,100.0,2027-12-17
adff8aa2-db48-4e71-8f8d-041eb4924687,2026-05-08T21:39:00+00:00,ASTS,sell,3.68,roll_leap_open_short,9a57bf70,3.68,81.0,2026-05-15
f493dac0-f4bd-458e-9e06-137170231207,2026-05-08T22:09:47+00:00,ASTS,sell,0.0,roll_leap_close,722255ce,0.0,40.0,2026-06-18
38d323b1-b54d-46db-92ef-3a7bad713844,2026-05-08T22:09:47+00:00,ASTS,buy,4.68,roll_leap_close_short,722255ce,4.68,78.0,2026-05-15
aa7bd9a0-0165-41ef-89c0-c04ce48dd7ed,2026-05-08T22:09:53+00:00,ASTS,sell,3.15,roll_leap_open_short,722255ce,3.15,83.0,2026-05-15
6e5763e2-e3c9-43f3-9424-78a5ecd73c00,2026-05-09T04:48:18+00:00,MARA,buy,1.28,roll_leap_close_short,ebeae614,1.28,12.0,2026-05-15
9f87fcf3-6d87-40d2-8fdc-0b906fe4ebe9,2026-05-09T04:48:18+00:00,MARA,sell,0.0,roll_leap_close,ebeae614,0.0,10.0,2026-06-18
efff24da-dd77-40a4-8ef2-728efe4945e9,2026-05-11T12:36:14+00:00,ASTS,buy,4.68,roll_leap_close_short,7589746c,4.68,78.0,2026-05-15
d6a00c24-8abc-4709-bd12-074a08b15682,2026-05-11T12:36:14+00:00,ASTS,sell,0.0,roll_leap_close,7589746c,0.0,40.0,2026-06-18
28841f0f-3983-41cf-b346-0f51f787387b,2026-05-11T12:36:16+00:00,ASTS,buy,30.85,roll_leap_open,7589746c,30.85,100.0,2027-12-17
4c63bd25-4d7f-4d42-bc98-04983510aefa,2026-05-11T12:36:20+00:00,ASTS,sell,3.68,roll_leap_open_short,7589746c,3.68,81.0,2026-05-15
aa2966dd-7589-41ae-9c59-9759d805915c,2026-05-11T12:36:20+00:00,CIFR,buy,0.45,roll_leap_close_short,2bb00a1c,0.45,22.5,2026-05-15
6f6bc213-5c83-4a42-a122-c183be47ee55,2026-05-11T12:36:20+00:00,CIFR,sell,0.0,roll_leap_close,2bb00a1c,0.0,7.0,2027-01-15
9147811a-a78a-4b5c-a473-c251cfe51dfc,2026-05-12T12:34:09+00:00,ASTS,buy,8.85,roll_leap_close_short,37aa8169,8.85,78.0,2026-05-15
dba1fe4b-1919-47d3-a19f-638d46e29105,2026-05-12T12:34:09+00:00,ASTS,sell,0.0,roll_leap_close,37aa8169,0.0,40.0,2026-06-18
ccf062fd-ded8-425a-a958-3e2d6c0a4b90,2026-05-12T12:34:11+00:00,ASTS,buy,42.83,roll_leap_open,37aa8169,42.83,80.0,2027-12-17
86eef831-99c8-48cd-b496-6c15d2fc3912,2026-05-12T12:34:16+00:00,ASTS,sell,3.65,roll_leap_open_short,37aa8169,3.65,92.0,2026-05-15
f77bfddf-abce-43d2-8694-143170140b4b,2026-05-13T12:37:20+00:00,ASTS,sell,0.0,roll_leap_close,05c2a382,0.0,40.0,2026-06-18
ebda3308-3cf1-4876-9f9c-b80df6916c57,2026-05-13T12:37:20+00:00,ASTS,buy,3.5,roll_leap_close_short,05c2a382,3.5,78.0,2026-05-22
e3583fe7-b7f0-4c77-bab9-d7861aea5ca6,2026-05-14T11:42:51+00:00,OPEN,buy,0.02,roll_short_call_close,e61cdec0,0.02,5.5,2026-05-15
8c027e25-77f7-4c36-950f-7bc724c309f6,2026-05-14T12:35:41+00:00,ASTS,buy,3.7,roll_leap_close_short,6fafbdf9,3.7,78.0,2026-05-22
93e481a5-89b4-48d0-a442-4a119e0f8546,2026-05-14T12:35:41+00:00,ASTS,sell,0.0,roll_leap_close,6fafbdf9,0.0,40.0,2026-06-18
879e930a-e166-4f14-912b-b5400e326bc5,2026-05-14T12:35:43+00:00,ASTS,buy,21.58,roll_leap_open,6fafbdf9,21.58,170.0,2027-12-17
ddfa0c44-a5f9-4a5a-9efb-4ede8e6bbfc6,2026-05-14T12:35:48+00:00,ASTS,sell,2.98,roll_leap_open_short,6fafbdf9,2.98,80.0,2026-05-22
6891bd12-c39c-4fc8-beea-cf69bb2da73c,2026-05-14T12:35:48+00:00,BLSH,buy,2.76,roll_short_call_close,daf27efd,2.76,46.5,2026-05-15
6cb6df63-733c-4fc2-bac8-25de9fcc0012,2026-05-14T12:35:51+00:00,BULL,buy,0.2,roll_short_call_close,dcd0df6f,0.2,7.0,2026-05-15
d4f2c1f7-9447-4ff3-a744-7e6c279c8eb1,2026-05-14T12:35:52+00:00,BULL,sell,0.45,roll_short_call_open,dcd0df6f,0.45,7.0,2026-05-22
68de19fb-8124-45d5-b329-47df157acbb0,2026-05-14T12:35:52+00:00,CIFR,buy,0.32,roll_short_call_close,f7193580,0.32,22.5,2026-05-15
57893aa2-681c-453b-a3f4-c8b40a963960,2026-05-14T12:35:55+00:00,CIFR,sell,1.13,roll_short_call_open,f7193580,1.13,22.0,2026-05-22
4360a11c-8ae3-43a3-bd58-85de9ce67ff8,2026-05-15T12:32:19+00:00,ASTS,buy,8.05,roll_leap_close_short,2264e14f,8.05,78.0,2026-05-22
7d90abfd-a990-43d8-9a75-a39c71593f5a,2026-05-15T12:32:19+00:00,ASTS,sell,0.0,roll_leap_close,2264e14f,0.0,40.0,2026-06-18
e9e23d37-62b1-4610-bcee-1a435d4fa453,2026-05-15T12:32:21+00:00,ASTS,buy,43.73,roll_leap_open,2264e14f,43.73,75.0,2027-12-17
13aefe56-fd99-4e79-9ea2-3ca48da9b45d,2026-05-15T12:32:26+00:00,ASTS,sell,3.18,roll_leap_open_short,2264e14f,3.18,89.0,2026-05-22
8fdccd98-cd3a-4b97-b956-b1f7501262d7,2026-05-18T12:33:59+00:00,ASTS,buy,8.25,roll_leap_close_short,e140b7e2,8.25,78.0,2026-05-22
2fb406a4-4f69-4044-a887-2692c50a9df5,2026-05-18T12:33:59+00:00,ASTS,sell,0.0,roll_leap_close,e140b7e2,0.0,40.0,2026-06-18
13f1c463-f3d4-46ca-a4d3-b7366bfa006a,2026-05-19T12:32:54+00:00,ASTS,sell,0.0,roll_leap_close,7ced631e,0.0,40.0,2026-06-18
a3a3f3f1-c989-4841-9205-cb94160f09b9,2026-05-19T12:32:54+00:00,ASTS,buy,10.35,roll_leap_close_short,7ced631e,10.35,78.0,2026-05-22
6677ad2f-7552-401b-8831-d6c042a6d4de,2026-05-19T12:32:57+00:00,ASTS,buy,43.28,roll_leap_open,7ced631e,43.28,85.0,2027-12-17
a7b7fa46-250c-4134-97c6-831a50204783,2026-05-19T12:33:03+00:00,ASTS,sell,2.79,roll_leap_open_short,7ced631e,2.79,93.0,2026-05-22
c025e7f4-b881-43bc-9c67-567461846a03,2026-05-20T12:33:21+00:00,ASTS,buy,10.95,roll_leap_close_short,31458076,10.95,78.0,2026-05-22
82f81e84-2a21-4d13-934a-aeae3049543d,2026-05-20T12:33:21+00:00,ASTS,sell,0.0,roll_leap_close,31458076,0.0,40.0,2026-06-18
d87a645b-28e2-4a43-a392-910aecff9fd1,2026-05-21T12:36:33+00:00,ASTS,buy,8.3,roll_leap_close_short,de3e8356,8.3,85.0,2026-05-29
92fcb3e1-2dbc-44fb-895e-8da1805bc3f0,2026-05-21T12:36:33+00:00,ASTS,sell,0.0,roll_leap_close,de3e8356,0.0,40.0,2026-06-18
fa7a3749-bc95-45b8-a6ad-a76791891a77,2026-05-21T13:10:08+00:00,ASTS,sell,0.0,roll_leap_close,f0b2c0dc,0.0,40.0,2026-06-18
aa1519c6-31e7-4ac1-901f-09c90c21d95a,2026-05-21T13:10:08+00:00,ASTS,buy,8.3,roll_leap_close_short,f0b2c0dc,8.3,85.0,2026-05-29
c17cd5bc-8cab-4fe3-a2e1-1fdeea90e6be,2026-05-22T12:32:47+00:00,ASTS,buy,12.75,roll_leap_close_short,5fff8f43,12.75,85.0,2026-05-29
443802ff-c57e-4cc8-87c4-763bba97d908,2026-05-22T12:32:47+00:00,ASTS,sell,0.0,roll_leap_close,5fff8f43,0.0,40.0,2026-06-18
ff6df601-bc49-41f7-aed4-69a4ad36447c,2026-05-22T12:32:53+00:00,ASTS,sell,2.66,roll_leap_open_short,5fff8f43,2.66,105.0,2026-05-29
ce82df51-6408-4f8e-9914-4f9da957f945,2026-05-25T12:36:23+00:00,ASTS,buy,21.08,roll_leap_close_short,ab07ba47,21.08,85.0,2026-05-29
d19312e3-7836-4e38-99c1-5c7fdd65b04e,2026-05-25T12:36:23+00:00,ASTS,sell,0.0,roll_leap_close,ab07ba47,0.0,40.0,2026-06-18
8456e717-89e2-4d03-9c27-cabdae96b88c,2026-05-25T12:36:26+00:00,ASTS,buy,59.83,roll_leap_open,ab07ba47,59.83,80.0,2027-12-17
66a2d801-61a3-4050-9cfe-8d7d189cf488,2026-05-25T12:36:29+00:00,ASTS,sell,3.35,roll_leap_open_short,ab07ba47,3.35,112.0,2026-05-29
90f22a2e-7952-45e2-a4ec-60b308a50a04,2026-05-26T12:36:18+00:00,CIFR,buy,1.67,roll_leap_close_short,896ae274,1.67,21.0,2026-05-29
58f7fd97-8239-4219-aaf9-9c6a51e34f54,2026-05-27T12:36:50+00:00,STRC,sell,0.01,open_short_call,1dff0d55,0.01,100.0,2026-06-18
86630a67-f6f2-40ea-b4c2-3825ef06f961,2026-05-27T12:36:50+00:00,RIOT,buy,1.95,roll_short_call_close,61b79e03,1.95,24.5,2026-05-29
1c9fa013-a39d-467c-bd2b-b1cbb75cc6f6,2026-05-28T12:33:51+00:00,BLSH,buy,0.01,roll_short_call_close,e2942712,0.01,39.5,2026-05-29
e76ddfd2-4729-4391-90c7-c678bc2624ed,2026-05-28T12:33:54+00:00,BULL,buy,0.01,roll_short_call_close,4282a2c4,0.01,8.0,2026-05-29
b4a60d75-99e4-4557-8404-bd9907443a25,2026-05-28T12:33:55+00:00,BULL,sell,0.16,roll_short_call_open,4282a2c4,0.16,6.5,2026-06-05
b83d6ac3-a0f2-4feb-855b-4f4e238cd345,2026-05-28T12:33:56+00:00,OPEN,sell,0.01,open_short_call,,0.01,7.5,2026-06-05
7ff94125-a6b8-488f-8700-58210f2982e1,2026-05-28T12:33:56+00:00,RIOT,buy,2.61,roll_short_call_close,9f6a3ecf,2.61,24.5,2026-05-29
e9e858a1-94cd-4b84-8300-6113fc78c8e5,2026-05-28T12:33:59+00:00,RIOT,sell,1.01,roll_short_call_open,9f6a3ecf,1.01,28.0,2026-06-05
40b05f79-a654-4fa5-b6fd-00355e5261b1,2026-05-29T12:33:56+00:00,STRC,sell,4.25,open_short_call,59ba9219,4.25,95.0,2026-06-18
8f39b017-1668-49ff-a4c3-a6e5afc44d20,2026-06-01T12:32:58+00:00,STRC,sell,0.01,open_short_call,8d80aaea,0.01,100.0,2026-06-18
cb4f167c-30d7-4070-aa4b-0d510ba595ab,2026-06-01T12:32:58+00:00,TSLA,buy,15.78,roll_short_call_close,2bcfbf55,15.78,422.5,2026-06-03
02ebf51c-68fe-4c16-a8c2-f9e9518b73ff,2026-06-01T12:33:07+00:00,TSLA,sell,12.43,roll_short_call_open,2bcfbf55,12.43,430.0,2026-06-05
311b6eb7-85c7-431b-b081-47600b37cc36,2026-06-01T12:33:07+00:00,CIFR,buy,1.67,roll_leap_close_short,50da7ef8,1.67,23.0,2026-06-05
5d971a1c-078b-4360-9c97-1775604165bf,2026-06-02T12:32:58+00:00,STRC,sell,0.01,open_short_call,c9e72ff8,0.01,100.0,2026-06-18
c0df5599-bc8b-451d-bfc5-327cb4961cdc,2026-06-02T12:32:58+00:00,CIFR,buy,1.56,roll_leap_close_short,489ad9a2,1.56,25.0,2026-06-12
a6bf36f7-743a-4813-9099-9234a59701a0,2026-06-02T12:32:58+00:00,CIFR,sell,0.0,roll_leap_close,489ad9a2,0.0,7.0,2027-01-15
6e550795-0ede-4b64-a60e-7ba835cd6d2b,2026-06-03T12:34:45+00:00,STRC,sell,0.01,open_short_call,14d67dac,0.01,100.0,2026-06-18
b77944d8-5e6d-4e90-9e66-e09a2b5f31c3,2026-06-03T12:34:45+00:00,SMR,buy,2.05,roll_short_call_close,958a979c,2.05,12.0,2026-06-05
f1730de0-a7dc-4fd4-a497-449e678ec598,2026-06-03T12:34:48+00:00,SMR,sell,0.7,roll_short_call_open,958a979c,0.7,15.5,2026-06-12
ec7ee79e-9a3e-47d5-8806-e745354e5c13,2026-06-03T12:34:48+00:00,BLSH,buy,0.17,roll_short_call_close,0a789e0b,0.17,33.0,2026-06-05
d8985c64-a70f-4495-80fc-6ad03c214d19,2026-06-04T12:33:57+00:00,SMR,buy,0.64,roll_short_call_close,be79636b,0.64,12.0,2026-06-05
1d2ca7d5-5bb7-492f-a179-335d4f91f45b,2026-06-04T12:34:03+00:00,SMR,sell,0.41,roll_short_call_open,be79636b,0.41,14.0,2026-06-12
0e9a4253-c725-4252-820f-526ca5590f27,2026-06-05T12:42:41+00:00,STRC,sell,2.13,open_short_call,a04ce560,2.13,95.0,2026-06-18
7850826a-279f-44f4-9bdc-d4cf2b38e7b9,2026-06-05T12:42:41+00:00,SMR,buy,0.31,roll_short_call_close,b35b96f6,0.31,12.0,2026-06-05
88070acd-304e-434a-b30c-0831db26fe07,2026-06-05T12:42:43+00:00,SMR,sell,0.43,roll_short_call_open,b35b96f6,0.43,13.0,2026-06-12
f44455ff-a3ef-4a33-814d-9ded87a074d2,2026-06-05T12:42:43+00:00,CIFR,sell,0.0,roll_leap_close,c22048bb,0.0,7.0,2027-01-15
9ea921b5-98cc-465a-a32e-e71ad70bb9ac,2026-06-05T12:42:43+00:00,CIFR,buy,1.97,roll_leap_close_short,c22048bb,1.97,25.0,2026-06-12
e725a408-fb98-4be1-aee4-bc1a18e49e6c,2026-06-05T12:42:44+00:00,OPEN,buy,0.02,roll_short_call_close,dea057fc,0.02,5.5,2026-06-05
cbfda711-699c-47f1-9093-8e7a8d54242f,2026-06-05T12:42:45+00:00,OPEN,sell,0.11,roll_short_call_open,dea057fc,0.11,5.5,2026-06-12
249fb503-689a-45f5-8a92-fae538ce3daa,2026-06-10T12:33:01+00:00,STRC,sell,0.01,open_short_call,b937eec8,0.01,100.0,2026-06-18
9208fccd-ab2c-46ee-b28c-d75e658fe088,2026-06-10T12:33:01+00:00,OPEN,buy,0.01,roll_short_call_close,5642513e,0.01,5.5,2026-06-12
cb8a3198-06e6-4dc2-8a79-bc64ed4eea48,2026-06-10T12:33:02+00:00,OPEN,sell,0.01,roll_short_call_open,5642513e,0.01,7.5,2026-06-18
05727bcf-78e3-48c9-9aa2-7fc71a27ab50,2026-06-11T12:33:15+00:00,RIOT,buy,0.01,roll_short_call_close,766888c3,0.01,29.0,2026-06-12
910de633-55e4-478e-9443-456d51146216,2026-06-11T12:33:18+00:00,RIOT,sell,1.4,roll_short_call_open,766888c3,1.4,24.0,2026-06-18
7e4e3427-6694-4aa9-b96b-c0b1c123deda,2026-06-12T12:36:12+00:00,RIOT,buy,0.01,roll_short_call_close,5252fd8f,0.01,29.0,2026-06-12
7f14c39a-c6a9-47f5-9ffd-c4f353be5fcb,2026-06-12T12:36:15+00:00,RIOT,sell,0.94,roll_short_call_open,5252fd8f,0.94,27.0,2026-06-18
6aba3e76-efdf-42d4-8b32-1aa72ca3af9b,2026-06-15T12:36:01+00:00,CIFR,buy,0.97,roll_leap_close_short,d5cb3e5b,0.97,25.5,2026-06-18
a51da14c-2544-45a3-87fd-833835636ff1,2026-06-16T12:39:12+00:00,STRC,sell,0.01,open_short_call,e779f97e,0.01,100.0,2026-06-18
d3ce38e6-fb51-4fbe-b469-d498e5a5ee6c,2026-06-16T12:39:12+00:00,TSLA,buy,1.08,roll_short_call_close,bcfe9899,1.08,437.5,2026-06-18
b3a1b954-83d9-4773-911a-856046444ecc,2026-06-16T12:39:20+00:00,OPEN,buy,0.06,roll_short_call_close,a6856eec,0.06,5.0,2026-06-18
518be0a5-cbb1-4085-ab81-43fea06f82af,2026-06-16T12:39:24+00:00,OPEN,sell,0.15,roll_short_call_open,a6856eec,0.15,5.0,2026-06-26
679e7a41-3c3a-4c6f-8c12-9e2b0e874f65,2026-06-16T12:39:24+00:00,HOOD,buy,7.53,roll_short_call_close,7ca165ed,7.53,96.0,2026-07-10
0388a880-2226-4b41-b8aa-7ef82d760437,2026-06-16T12:39:32+00:00,HOOD,sell,1.99,roll_short_call_open,7ca165ed,1.99,105.0,2026-06-26
4adaa7d2-26db-4bb7-9b25-3b33481b8ed6,2026-06-16T12:39:32+00:00,IREN,buy,0.57,roll_short_call_close,632e4518,0.57,68.0,2026-06-18
7541fea0-0f67-429b-ac84-b659e47701ae,2026-06-16T12:39:39+00:00,IREN,sell,1.46,roll_short_call_open,632e4518,1.46,70.0,2026-06-26
c47626bb-1a6a-4c3f-821f-2060511350c2,2026-06-17T12:35:20+00:00,STRC,sell,0.01,open_short_call,fbd4a2c0,0.01,100.0,2026-06-18
587a45d5-cb74-416f-929a-fea27d265ddd,2026-06-18T12:32:25+00:00,STRC,sell,1.5,open_short_call,f8795d09,1.5,95.0,2026-07-17
b4f871d9-7e3e-4e0c-95bc-9cec5b8d2136,2026-06-18T12:32:25+00:00,OPEN,buy,0.02,roll_short_call_close,57beb2d8,0.02,5.0,2026-06-18
cfc1abb8-0bcf-4e9f-ba79-6b02f38c73ee,2026-06-18T12:32:26+00:00,TSLA,buy,0.04,roll_short_call_close,b1accb04,0.04,437.5,2026-06-18
df16d8db-3934-48dd-89af-5291a1b1f611,2026-06-18T12:32:26+00:00,OPEN,sell,0.21,roll_short_call_open,57beb2d8,0.21,4.5,2026-06-26
5e50d388-2978-407b-b067-1705f44241a1,2026-06-18T12:32:32+00:00,IREN,buy,0.03,roll_short_call_close,6dc795ed,0.03,68.0,2026-06-18
fd4db45e-f369-49be-a82e-f06b6357ea49,2026-06-18T12:32:38+00:00,IREN,sell,2.23,roll_short_call_open,6dc795ed,2.23,62.0,2026-06-26
e7fbf5d2-8d89-47af-8aba-9e00fcab3718,2026-06-18T12:32:38+00:00,CIFR,buy,1.25,roll_leap_close_short,30b160fb,1.25,27.5,2026-06-26
05190666-3689-4f30-9067-8ec5d4df7d3f,2026-06-18T12:32:38+00:00,CIFR,sell,0.0,roll_leap_close,30b160fb,0.0,7.0,2027-01-15
7d29b085-35bf-4187-855d-e100f445551d,2026-06-18T12:32:39+00:00,CIFR,buy,11.63,roll_leap_open,30b160fb,11.63,30.0,2027-12-17
d23eb112-8ca8-40a8-aa9f-74a7b2ce642a,2026-06-18T12:32:42+00:00,CIFR,sell,0.01,roll_leap_open_short,30b160fb,0.01,36.0,2026-06-26
718cbab0-1633-4c67-be14-e6119ff868f9,2026-06-18T12:32:42+00:00,SMR,buy,0.02,roll_short_call_close,962cf64b,0.02,12.0,2026-06-18
ac418d3e-92aa-46cd-83d9-c63d8e9d086f,2026-06-18T12:32:44+00:00,SMR,sell,0.01,roll_short_call_open,962cf64b,0.01,20.0,2026-06-26
45c84f39-9a2f-4c06-a88d-b9080cdafee1,2026-06-18T12:32:44+00:00,RIOT,buy,0.04,roll_short_call_close,96b8b668,0.04,31.0,2026-06-18
5a5c8e3e-443d-4f9d-98b4-cf78afbbd9f5,2026-06-18T12:32:46+00:00,RIOT,sell,1.21,roll_short_call_open,96b8b668,1.21,28.0,2026-06-26
9b638e7a-6b4a-4388-a5c7-c075b7df042e,2026-06-18T12:32:46+00:00,HOOD,buy,12.75,roll_short_call_close,ef19570b,12.75,96.0,2026-07-10
8d8c2854-71c2-4010-b097-eabec03e9258,2026-06-18T12:32:50+00:00,HOOD,sell,2.74,roll_short_call_open,ef19570b,2.74,115.0,2026-07-02
c923d716-d4ac-4618-a346-6c92b4aafbe8,2026-06-19T12:33:42+00:00,CIFR,sell,0.0,roll_leap_close,7db4e4d0,0.0,7.0,2027-01-15
6d85959b-21ea-486e-bf8a-a5ce2d3189da,2026-06-19T12:33:42+00:00,CIFR,buy,2.63,roll_leap_close_short,7db4e4d0,2.63,27.5,2026-06-26
e8a22e3d-230b-49ff-bd86-94319d11c3d0,2026-06-19T12:33:46+00:00,HOOD,buy,14.68,roll_short_call_close,bfc6667f,14.68,96.0,2026-07-10
307886e3-514a-4ebb-a679-97d5b226fb54,2026-06-19T12:33:49+00:00,HOOD,sell,6.23,roll_short_call_open,bfc6667f,6.23,110.0,2026-07-10
9e3a927e-7bda-4683-97d4-27981761e352,2026-06-22T12:33:44+00:00,TSLA,buy,1.41,roll_short_call_close,c6853df6,1.41,410.0,2026-06-22
3b609d96-8cc1-47f9-b05b-929e61c10ec6,2026-06-22T12:33:50+00:00,CIFR,sell,0.0,roll_leap_close,3fee96d9,0.0,7.0,2027-01-15
8d2b3510-1b8f-492b-8491-e0ce2556b1f2,2026-06-22T12:33:50+00:00,CIFR,buy,2.63,roll_leap_close_short,3fee96d9,2.63,27.5,2026-06-26
297a8c4c-ad7e-4874-bbf6-fc91cb6e0013,2026-06-22T12:33:53+00:00,CIFR,sell,3.15,roll_leap_open_short,3fee96d9,3.15,29.0,2026-07-10
b0ed02fc-b25c-437c-87b8-b8cb8a57a9ed,2026-06-22T12:33:53+00:00,HOOD,buy,14.68,roll_short_call_close,5b75da84,14.68,96.0,2026-07-10
a24696d3-b04c-4719-a90d-8954fd490d0e,2026-06-22T12:33:57+00:00,HOOD,sell,6.23,roll_short_call_open,5b75da84,6.23,110.0,2026-07-10
0a199984-9b1c-498e-852c-eeeae7b5a5c6,2026-06-23T12:33:44+00:00,STRC,sell,1.15,open_short_call,065e43b7,1.15,95.0,2026-07-17
8acff96f-ef53-4cb6-b8c4-a4703d3f0e29,2026-06-23T12:33:44+00:00,TSLA,buy,0.53,roll_short_call_close,b92ab520,0.53,427.5,2026-06-24
a8515f7c-bdc2-4370-b694-9f73386ba990,2026-06-23T12:33:51+00:00,HOOD,buy,12.53,roll_short_call_close,483b6c01,12.53,96.0,2026-07-10
cbf32682-4071-49aa-b3cb-a2ca135ae1f1,2026-06-23T12:33:55+00:00,HOOD,sell,4.53,roll_short_call_open,483b6c01,4.53,110.0,2026-07-10
3579b621-99c6-44de-a944-5c444a26fe3d,2026-06-23T12:33:55+00:00,CIFR,buy,1.8,roll_leap_close_short,6407a32d,1.8,27.5,2026-06-26
45844130-3a28-413e-a59a-1a5f3c29c8f7,2026-06-23T12:33:55+00:00,CIFR,sell,0.0,roll_leap_close,6407a32d,0.0,7.0,2027-01-15
e7b9b350-b924-4791-8d9d-c52fb0aba85c,2026-06-23T12:33:56+00:00,CIFR,buy,13.28,roll_leap_open,6407a32d,13.28,30.0,2027-12-17
64149b82-f5ad-40a9-bad2-6ba64f4a7aa0,2026-06-23T12:33:59+00:00,CIFR,sell,2.45,roll_leap_open_short,6407a32d,2.45,27.5,2026-07-02
65ec1062-0b47-447a-90f9-6e9aa05f9c27,2026-06-25T13:13:46+00:00,MSTR,buy,0.01,roll_short_call_close,91602c7b,0.01,128.0,2026-06-26
f1e8fc0f-25be-43cd-af94-85bf4ef95a17,2026-06-25T13:13:52+00:00,MSTR,sell,3.15,roll_short_call_open,91602c7b,3.15,100.0,2026-07-02
1b379110-c152-410e-b43d-fdf868686941,2026-06-25T13:13:52+00:00,CIFR,buy,0.55,roll_short_call_close,373834cd,0.55,27.5,2026-06-26
cfa56c57-cc66-497c-992e-1be22ac2c0a9,2026-06-25T13:13:55+00:00,BULL,buy,0.02,roll_short_call_close,af5e3c13,0.02,7.5,2026-06-26
94aa2b7e-8ca5-4617-9cc4-dbcee930bc91,2026-06-25T13:13:55+00:00,CIFR,sell,0.77,roll_short_call_open,373834cd,0.77,29.0,2026-07-02
611863a6-3dee-4f01-96ec-7f07d7a93efe,2026-06-25T13:13:56+00:00,BULL,sell,0.16,roll_short_call_open,af5e3c13,0.16,7.0,2026-07-02
c72e4e98-9c54-40be-b616-1a4d74795583,2026-06-25T13:13:56+00:00,RIOT,buy,0.06,roll_short_call_close,9690c16e,0.06,31.5,2026-06-26
3eb3220a-c939-4888-8c71-fe6ec736f9fa,2026-06-25T13:13:58+00:00,BLSH,buy,0.01,roll_short_call_close,4e941e2d,0.01,27.0,2026-06-26
fb193c6e-0ccc-4a41-ad8f-31c50b25a0a2,2026-06-25T13:14:00+00:00,TSLA,buy,0.56,roll_short_call_close,a1372694,0.56,397.5,2026-06-26
21b94e9f-53cc-4f3e-bf14-bbbb6896625e,2026-06-26T13:27:05+00:00,CIFR,buy,0.43,roll_leap_close_short,f7a92051,0.43,29.0,2026-07-02
ea622403-fc2f-4aeb-9f7e-759c8ed3f931,2026-06-26T13:27:05+00:00,CIFR,sell,0.0,roll_leap_close,f7a92051,0.0,7.0,2027-01-15
ab7d437c-a527-4feb-b3b2-7ecc4c85447e,2026-06-29T12:34:57+00:00,STRC,sell,3.85,open_short_call,be35b8ed,3.85,80.0,2026-07-17
96e9d616-275d-4e2c-80c5-725b7e2dac88,2026-06-29T12:34:57+00:00,CIFR,buy,0.44,roll_leap_close_short,b830be95,0.44,29.0,2026-07-02
2de3592f-0d31-4359-94ef-3bf29cc5df0d,2026-06-29T12:34:57+00:00,CIFR,sell,0.0,roll_leap_close,b830be95,0.0,7.0,2027-01-15
44feae73-18b8-4ce7-bff8-60e10a710cb4,2026-06-29T12:34:58+00:00,TSLA,buy,1.01,roll_short_call_close,3ccb986b,1.01,390.0,2026-06-29
2f71339e-8b52-419a-a3e5-778c401ab178,2026-06-30T12:35:46+00:00,STRC,sell,0.53,open_short_call,39507b2a,0.53,95.0,2026-07-17
b00324d3-31ba-4d51-a0b5-421449f1a5b4,2026-06-30T12:35:46+00:00,RKLB,buy,6.95,roll_short_call_close,07d0cd5a,6.95,93.0,2026-07-02
3e51f8a7-64ee-432e-9ef5-d7b439a2a7b5,2026-06-30T12:35:52+00:00,RKLB,sell,3.63,roll_short_call_open,07d0cd5a,3.63,105.0,2026-07-10
726c7521-0fce-4c8c-9bcf-382b0f76c703,2026-06-30T12:35:52+00:00,RIOT,buy,0.3,roll_short_call_close,27ad81a9,0.3,30.0,2026-07-02
ab274374-79d1-4d18-8d0a-78a9a5dc37fe,2026-06-30T12:35:55+00:00,RIOT,sell,0.75,roll_short_call_open,27ad81a9,0.75,30.5,2026-07-10
8ae44145-681a-4762-aa4d-6b159ee53abd,2026-06-30T12:35:55+00:00,MSTR,buy,2.9,roll_short_call_close,ac19918a,2.9,95.0,2026-07-02
f3a9e41e-53fb-4807-8a46-af0ec255994a,2026-06-30T12:36:02+00:00,BULL,buy,0.1,roll_short_call_close,94be1c7a,0.1,7.0,2026-07-02
bc546384-f777-40f0-8c8a-7bc51216f4bd,2026-06-30T12:36:04+00:00,BULL,sell,0.21,roll_short_call_open,94be1c7a,0.21,7.0,2026-07-10
1ec3143c-7cb4-43eb-aaf5-7b9754461835,2026-06-30T12:36:04+00:00,SMR,buy,0.29,roll_short_call_close,4830013f,0.29,10.5,2026-07-02
36f43b80-5753-457a-9817-9c4182ef29b3,2026-06-30T12:36:06+00:00,SMR,sell,0.41,roll_short_call_open,4830013f,0.41,11.0,2026-07-10
d762ec90-6b0f-4ebe-b57b-bd991592975b,2026-06-30T12:36:06+00:00,BLSH,buy,0.23,roll_short_call_close,6d5d43fd,0.23,25.5,2026-07-02
21094056-f82b-47d3-aa0a-6f795fccb4b5,2026-06-30T12:36:09+00:00,TSLA,buy,18.28,roll_short_call_close,b98afc9d,18.28,395.0,2026-07-01
ebaf55e0-c491-4f03-a3c6-08a439698c37,2026-06-30T12:36:15+00:00,CIFR,buy,0.12,roll_short_call_close,df35d85a,0.12,29.0,2026-07-02
76433d96-3c02-4896-bbf0-e4c623f512d3,2026-06-30T12:36:17+00:00,CIFR,sell,1.85,roll_short_call_open,df35d85a,1.85,25.0,2026-07-10
acab23d8-930d-468b-92e4-e7e60808e231,2026-06-30T12:36:17+00:00,OPEN,buy,0.03,roll_short_call_close,45f6e75a,0.03,5.0,2026-07-02
6625818e-c94a-4c5c-b9f1-9f757375dde0,2026-06-30T12:36:19+00:00,OPEN,sell,0.11,roll_short_call_open,45f6e75a,0.11,5.0,2026-07-10
217928a3-cacb-42f1-a3c6-0ddbed3b016a,2026-06-30T12:36:19+00:00,IREN,buy,0.8,roll_short_call_close,c2dfbdf0,0.8,49.5,2026-07-02
8993af6b-1d4f-4505-94bd-acda670e27c3,2026-06-30T12:36:23+00:00,IREN,sell,1.12,roll_short_call_open,c2dfbdf0,1.12,53.0,2026-07-10
686f84f8-2ce2-48fe-8847-cd08d2336cfb,2026-07-01T12:35:30+00:00,STRC,sell,1.35,open_short_call,a6905d20,1.35,90.0,2026-07-17
f5b1970e-bef0-470f-b189-24535c7e16f6,2026-07-01T12:35:30+00:00,RKLB,buy,9.65,roll_short_call_close,816ce203,9.65,93.0,2026-07-02
4a3790d7-bd02-436e-9d53-b40ca038c2dc,2026-07-01T12:35:34+00:00,RKLB,sell,6.3,roll_short_call_open,816ce203,6.3,106.0,2026-07-17
551ecc77-ef40-4776-a880-72bc60b30d6f,2026-07-02T12:32:55+00:00,STRC,sell,0.01,open_short_call,7ae6df85,0.01,100.0,2026-07-17
57c303e4-1914-4b17-a325-5b090915e433,2026-07-02T12:32:55+00:00,BLSH,buy,0.29,roll_short_call_close,141f20ed,0.29,25.5,2026-07-02
f22b706c-5e78-4960-bb7b-28ba6b779348,2026-07-02T12:32:58+00:00,BULL,buy,0.21,roll_short_call_close,ccb3e7a1,0.21,7.0,2026-07-02
35cfd66e-e0be-4e5d-a5b2-8b4fc644722d,2026-07-02T12:32:59+00:00,BULL,sell,0.38,roll_short_call_open,ccb3e7a1,0.38,7.0,2026-07-10
f90387f3-3c9c-4aeb-bb5f-23eed7fb910e,2026-07-02T12:32:59+00:00,OPEN,buy,0.08,roll_short_call_close,67181863,0.08,5.0,2026-07-02
61f56d4f-9f28-44b7-aab3-fb5bbd6c053c,2026-07-02T12:33:01+00:00,OPEN,sell,0.01,roll_short_call_open,67181863,0.01,7.5,2026-07-10
b1f1d17f-8797-4915-8935-07555339a9be,2026-07-03T12:32:14+00:00,STRC,sell,0.01,open_short_call,e52d3e8b,0.01,100.0,2026-07-17
00573d72-2708-4cce-bb27-58f396e7ac98,2026-07-03T12:32:14+00:00,HOOD,buy,10.35,roll_short_call_close,7ebb45fc,10.35,108.0,2026-07-24
cfe1a2c0-7762-4963-8d23-0f1050ca2d48,2026-07-03T12:32:17+00:00,HOOD,sell,4.53,roll_short_call_open,7ebb45fc,4.53,117.0,2026-07-17
82bdebd8-17bd-47e7-bc07-4c8261653fc3,2026-07-03T12:32:17+00:00,CIFR,buy,0.25,roll_leap_close_short,ccbcd757,0.25,24.0,2026-07-10
b93cc778-4181-482f-8230-eca162f4a3b1,2026-07-03T12:32:17+00:00,CIFR,sell,0.0,roll_leap_close,ccbcd757,0.0,7.0,2027-01-15
973ccb2e-8764-492e-8e4f-6097edbf9cab,2026-07-06T12:36:00+00:00,STRC,sell,0.01,open_short_call,b1ceb05f,0.01,100.0,2026-07-17
eb7f529c-e1d0-41ab-aa8e-5e41af6e57e5,2026-07-06T12:36:00+00:00,CIFR,sell,0.0,roll_leap_close,28a99509,0.0,7.0,2027-01-15
9c66b516-c7d4-4127-adcd-723f1fdf79fa,2026-07-06T12:36:00+00:00,CIFR,buy,0.25,roll_leap_close_short,28a99509,0.25,24.0,2026-07-10
23c66330-536d-418c-bfc9-52edf1bde88e,2026-07-07T12:35:29+00:00,STRC,sell,0.01,open_short_call,3a0c8655,0.01,100.0,2026-07-17
65371351-d3f7-4d6d-9297-cd371c9e271c,2026-07-07T12:35:29+00:00,CIFR,sell,0.0,roll_leap_close,7f6d9172,0.0,7.0,2027-01-15
684178e6-4d18-4c2e-9ab1-21868e93f185,2026-07-07T12:35:29+00:00,CIFR,buy,0.5,roll_leap_close_short,7f6d9172,0.5,24.0,2026-07-10
d0721821-0cdf-44f8-9ed2-49834419ffa0,2026-07-07T12:35:30+00:00,HOOD,buy,13.18,roll_short_call_close,b3f99a42,13.18,108.0,2026-07-24
59e877ce-1dbf-4893-a9fa-bb79dd61fd33,2026-07-07T12:35:34+00:00,HOOD,sell,3.1,roll_short_call_open,b3f99a42,3.1,130.0,2026-07-24
36be7c07-a3a8-4f0d-85ff-79e44e2f2c77,2026-07-07T13:58:24+00:00,NVDA,buy,20.65,open_leap,eee1dd98,20.65,250.0,2027-09-17
87313ee0-674c-4c67-a1df-71a80c1013cd,2026-07-07T13:58:24+00:00,NVDA,sell,1.56,open_short_call,eee1dd98,1.56,200.0,2026-07-15
cb7423ed-d8dd-4fe4-b563-767b14b34843,2026-07-08T12:35:05+00:00,STRC,sell,0.01,open_short_call,7e5a9800,0.01,100.0,2026-07-17
dd2822af-67e7-4aa1-81a8-af408d8f6672,2026-07-08T12:35:05+00:00,CIFR,buy,0.14,roll_short_call_close,df5b41d8,0.14,24.0,2026-07-10
e960c244-7161-40fa-bb4a-bb8a297ef20f,2026-07-08T12:35:07+00:00,CIFR,sell,0.01,roll_short_call_open,df5b41d8,0.01,27.0,2026-07-17
cd5f982f-8205-46a3-a521-e74fe0f5226b,2026-07-08T12:35:07+00:00,RKLB,buy,1.45,roll_short_call_close,5bcac102,1.45,88.5,2026-07-10
2ad36ba9-75e2-422c-b65b-57ede7e579a2,2026-07-08T12:35:12+00:00,RKLB,sell,2.0,roll_short_call_open,5bcac102,2.0,94.0,2026-07-17
b9a1e209-f4e2-4843-ab86-6d88479ca3eb,2026-07-08T12:35:12+00:00,SMR,buy,0.03,roll_short_call_close,2f909691,0.03,11.0,2026-07-10
1d6d230b-00df-4ac1-b854-5ccb7717b235,2026-07-08T12:35:14+00:00,SMR,sell,0.24,roll_short_call_open,2f909691,0.24,10.0,2026-07-17
c43d4011-fe44-453b-857a-e2fd76bac5e3,2026-07-08T12:35:14+00:00,HOOD,buy,9.83,roll_short_call_close,76143c62,9.83,108.0,2026-07-24
cd3ad3b3-82e2-4f86-acc7-bf104c5d3b6a,2026-07-08T12:35:18+00:00,HOOD,sell,4.25,roll_short_call_open,76143c62,4.25,120.0,2026-07-24
755a02c3-d02e-41f5-beb3-e80940c82e11,2026-07-08T12:35:18+00:00,OPEN,buy,0.11,roll_short_call_close,97546142,0.11,5.0,2026-07-10
18946ffb-2f32-4c0f-8481-9bed4fe3ff22,2026-07-08T12:35:19+00:00,OPEN,sell,0.01,roll_short_call_open,97546142,0.01,7.5,2026-07-17
2fcec7c8-fc45-42da-9c3c-94ab4802c1f0,2026-07-08T12:35:19+00:00,BULL,buy,0.37,roll_short_call_close,9aa7c9a5,0.37,7.0,2026-07-10
fa1786ec-183b-483c-8ba0-62f682217c74,2026-07-08T12:35:21+00:00,BULL,sell,0.24,roll_short_call_open,9aa7c9a5,0.24,7.5,2026-07-17
bc0b26ee-f4a6-40be-9894-02319eaea2c6,2026-07-08T12:35:21+00:00,TSLA,buy,4.08,roll_short_call_close,61c81acb,4.08,412.5,2026-07-10
ed0211da-de5f-4bf5-a1d0-91b1aab8c176,2026-07-08T12:35:29+00:00,IREN,buy,0.62,roll_short_call_close,7414b0c0,0.62,44.0,2026-07-10
3cbfcdfa-0ba9-426c-b35b-6bc91c9952d2,2026-07-08T12:35:32+00:00,IREN,sell,1.4,roll_short_call_open,7414b0c0,1.4,46.0,2026-07-17
12f70b42-089d-4561-9d3b-26093e80e4d9,2026-07-08T12:35:32+00:00,RIOT,buy,0.08,roll_short_call_close,1ada3d03,0.08,25.0,2026-07-10
8cf1cee0-45f4-4fe6-8b7c-e2664d19fab1,2026-07-08T12:35:34+00:00,RIOT,sell,0.01,roll_short_call_open,1ada3d03,0.01,34.0,2026-07-17
fc1ccd80-c8e1-4c59-8dd6-e4d7482a5c0a,2026-07-09T12:36:33+00:00,STRC,sell,0.01,open_short_call,1c940a66,0.01,100.0,2026-07-17
6e837e62-9c90-4327-97fe-5b74428eb4e9,2026-07-09T12:36:33+00:00,CIFR,buy,0.19,roll_short_call_close,ce153c95,0.19,24.0,2026-07-10
71e2c8c7-c9bc-423a-bb21-15548af355bd,2026-07-09T12:36:35+00:00,CIFR,sell,0.58,roll_short_call_open,ce153c95,0.58,25.0,2026-07-17
14896aa4-5d85-4f7d-a010-d0651bd90384,2026-07-09T12:36:35+00:00,RKLB,buy,0.82,roll_short_call_close,39d61437,0.82,88.5,2026-07-10
88134e85-1b96-4299-a827-969c54860685,2026-07-09T12:36:40+00:00,RKLB,sell,1.25,roll_short_call_open,39d61437,1.25,96.0,2026-07-17
57726c75-091c-41c4-a0b4-e84571420789,2026-07-09T12:36:40+00:00,OPEN,buy,0.07,roll_short_call_close,4772861c,0.07,5.0,2026-07-10
13c6785c-8cc8-411a-a696-36e5c887b7a2,2026-07-09T12:36:41+00:00,OPEN,sell,0.01,roll_short_call_open,4772861c,0.01,7.0,2026-07-17
031a6697-c92e-472f-b59f-a5368590ba30,2026-07-09T12:36:41+00:00,BULL,buy,0.32,roll_short_call_close,758094ef,0.32,7.0,2026-07-10
bb2e1ed1-9921-4d13-848c-bfb1dc597df6,2026-07-09T12:36:43+00:00,IREN,buy,1.24,roll_short_call_close,3ff13c8b,1.24,44.0,2026-07-10
8a977908-8a41-45eb-8aab-b0368fba353e,2026-07-09T12:36:43+00:00,BULL,sell,0.2,roll_short_call_open,758094ef,0.2,7.5,2026-07-17
d5df0902-efc7-42a4-b79e-ce7a320f7911,2026-07-09T12:36:46+00:00,IREN,sell,1.08,roll_short_call_open,3ff13c8b,1.08,50.0,2026-07-17
af620abb-a2da-4f22-8131-c51152553888,2026-07-09T12:36:46+00:00,RIOT,buy,0.03,roll_short_call_close,d6272728,0.03,25.0,2026-07-10
bfcbefec-b617-4817-9301-c50833e6dcbf,2026-07-09T12:36:49+00:00,RIOT,sell,0.71,roll_short_call_open,d6272728,0.71,22.5,2026-07-17
0e606505-2e47-4505-bd37-e5e65bded0b7,2026-07-10T12:33:34+00:00,STRC,sell,0.58,open_short_call,7f6bb662,0.58,90.0,2026-07-17
e2770d10-541c-4b4a-8590-17de7af3547a,2026-07-10T12:33:34+00:00,CIFR,sell,0.0,roll_leap_close,a8c1fc25,0.0,7.0,2027-01-15
2581415e-a0b2-41d1-9f96-5fa55c006208,2026-07-10T12:33:34+00:00,CIFR,buy,0.36,roll_leap_close_short,a8c1fc25,0.36,24.0,2026-07-10
938922d9-e57a-418d-90b3-a18f2228ffac,2026-07-10T12:33:35+00:00,RKLB,buy,0.23,roll_short_call_close,d7270adf,0.23,88.5,2026-07-10
abea2612-1f54-4fa9-9133-a38c37391291,2026-07-10T12:33:40+00:00,RKLB,sell,2.22,roll_short_call_open,d7270adf,2.22,88.5,2026-07-17
87d26f51-39c1-4fd0-afbd-f78a467b437a,2026-07-10T14:56:07+00:00,RKLB,buy,0.01,roll_short_call_close,2eb55b33,0.01,88.5,2026-07-10
832e0214-6933-434e-b1da-aeabdc287e50,2026-07-10T14:56:18+00:00,RKLB,sell,2.24,roll_short_call_open,2eb55b33,2.24,83.5,2026-07-17
0e95ded4-665e-49f7-8d1e-6ed9715ec8e0,2026-07-13T12:36:18+00:00,STRC,sell,0.01,open_short_call,34460d3d,0.01,100.0,2026-07-17
ec6a9c57-0d98-4c0a-ab25-455d25f65e42,2026-07-13T12:36:18+00:00,TSLA,buy,5.58,roll_short_call_close,a1bf05fd,5.58,412.5,2026-07-15
9885b3ed-da41-4908-9c8c-bc71739f28fb,2026-07-13T12:36:27+00:00,CIFR,sell,0.0,roll_leap_close,21643ebe,0.0,7.0,2027-01-15
dd1bfb12-fb0e-4b06-83df-1dff408bb482,2026-07-13T12:36:27+00:00,CIFR,buy,0.58,roll_leap_close_short,21643ebe,0.58,24.0,2026-07-17
35d58ebc-3de6-4bff-b17e-0688b9d10422,2026-07-15T12:36:12+00:00,STRC,sell,0.01,open_short_call,8a5aa561,0.01,95.0,2026-07-17
bebd7a6c-dad0-4bba-8b7e-e07df65b0220,2026-07-15T12:36:12+00:00,BLSH,buy,0.18,roll_short_call_close,03aaf101,0.18,27.0,2026-07-17
6a02b275-5780-4e87-8659-55a2966c864a,2026-07-15T12:36:15+00:00,OPEN,buy,0.02,roll_short_call_close,af4095cd,0.02,5.5,2026-07-17
a07d2226-0947-4da3-b2d1-88bf42b54ec6,2026-07-15T12:36:16+00:00,OPEN,sell,0.11,roll_short_call_open,af4095cd,0.11,5.0,2026-07-24
fe38e5af-70dd-4663-a99f-eec989b0ba16,2026-07-15T12:36:16+00:00,IREN,buy,0.36,roll_short_call_close,00b16316,0.36,43.0,2026-07-17
37f9bb28-bd77-4646-b66c-bc034aed488c,2026-07-15T12:36:20+00:00,IREN,sell,0.96,roll_short_call_open,00b16316,0.96,45.0,2026-07-24
9e308984-84f1-4d72-90cc-3defe3ed7cf1,2026-07-15T12:36:20+00:00,MSTR,buy,1.24,roll_short_call_close,f3279ef9,1.24,104.0,2026-07-17
db094ca3-bea8-4161-ac1a-59d1f32ec49a,2026-07-15T12:36:26+00:00,BULL,buy,0.6,roll_short_call_close,2619a3a7,0.6,7.0,2026-07-17
bca3a0ed-1265-4e3e-9c29-3771584f44e2,2026-07-15T12:36:27+00:00,RIOT,buy,0.2,roll_short_call_close,cfebab07,0.2,22.0,2026-07-17
beaad9bf-2dc2-48cb-8876-148ffee21eec,2026-07-15T12:36:30+00:00,RIOT,sell,0.94,roll_short_call_open,cfebab07,0.94,21.0,2026-07-24
7946d821-6766-4109-b82f-eeea526209cd,2026-07-15T12:36:30+00:00,HOOD,sell,0.0,roll_leap_close,11ef83ae,0.0,65.0,2027-01-15
9b3cd2bd-7e77-4603-989b-14c5b293c51c,2026-07-15T12:36:30+00:00,HOOD,buy,9.03,roll_leap_close_short,11ef83ae,9.03,112.0,2026-07-31
534c183b-4648-43f9-a026-9ea4f6441d4f,2026-07-15T12:36:32+00:00,TSLA,buy,0.85,roll_short_call_close,0162525b,0.85,420.0,2026-07-17
236f1468-57ea-4c42-b197-63b1b8812825,2026-07-16T12:35:44+00:00,STRC,sell,0.01,open_short_call,5c554964,0.01,95.0,2026-07-17
ea0ef1e7-700e-4b8d-8d04-91bd216f12cd,2026-07-16T12:35:44+00:00,CIFR,buy,0.31,roll_leap_close_short,bd5af0fb,0.31,23.5,2026-07-24
613a5c8f-03f5-46b4-b7b5-ffe67dc62db3,2026-07-16T12:35:44+00:00,CIFR,sell,0.0,roll_leap_close,bd5af0fb,0.0,7.0,2027-01-15
16a07126-75e5-4b01-9768-7d06c58f71c5,2026-07-16T12:35:45+00:00,CIFR,buy,7.3,roll_leap_open,bd5af0fb,7.3,30.0,2027-12-17
e271341d-d10a-421e-8327-26f60ed27094,2026-07-16T12:35:48+00:00,CIFR,sell,1.27,roll_leap_open_short,bd5af0fb,1.27,20.0,2026-07-24
0094d038-4343-4944-9485-040fcd83db26,2026-07-16T12:35:48+00:00,BLSH,buy,0.09,roll_short_call_close,a8a654e0,0.09,27.0,2026-07-17
dd9a3c12-5b23-49fb-aaf3-f4a45c7c2f2d,2026-07-16T12:35:50+00:00,IREN,buy,0.19,roll_short_call_close,6e8249f3,0.19,43.0,2026-07-17
3091f9c3-b9a4-47a1-95a9-d38e064e4eeb,2026-07-16T12:35:54+00:00,IREN,sell,1.06,roll_short_call_open,6e8249f3,1.06,43.5,2026-07-24
cce18745-9d76-4c5c-87a7-dcde6a988fef,2026-07-16T12:35:54+00:00,MSTR,buy,0.75,roll_short_call_close,7f7d2cc4,0.75,104.0,2026-07-17
ee2b7fbb-3da1-4a84-be20-14505e17789f,2026-07-16T12:35:59+00:00,BULL,buy,0.42,roll_short_call_close,2fa702a7,0.42,7.5,2026-07-24
1ea1bc9f-ced3-476b-94a9-b1995c7c9fe9,2026-07-16T12:36:01+00:00,BULL,sell,0.19,roll_short_call_open,2fa702a7,0.19,8.0,2026-07-24
bd7f3547-ef32-492c-adf4-dc0484d94b1f,2026-07-16T12:36:01+00:00,RIOT,buy,0.09,roll_short_call_close,3b543139,0.09,22.0,2026-07-17
555155da-f691-4df3-9b7b-4e213b1d6fce,2026-07-16T12:36:04+00:00,RIOT,sell,0.01,roll_short_call_open,3b543139,0.01,30.0,2026-07-24
52b13460-782e-4526-bc9d-26dbf0b7dfae,2026-07-16T12:36:04+00:00,TSLA,buy,0.38,roll_short_call_close,25c837d4,0.38,420.0,2026-07-17
a7ccba42-1410-4636-909e-99b75478db54,2026-07-17T12:34:36+00:00,STRC,sell,1.05,open_short_call,f6874464,1.05,90.0,2026-08-21
b2f2fea2-12a1-4a96-9018-fdd19b4238d7,2026-07-20T12:33:27+00:00,STRC,sell,1.2,open_short_call,6a8f97c9,1.2,90.0,2026-08-21
c8aa1ef2-e488-49fc-94e1-0f520a1805b7,2026-07-20T12:33:27+00:00,CIFR,sell,0.0,roll_leap_close,984f2bb0,0.0,7.0,2027-01-15
fe008da9-d552-43d8-9c51-d2ea52dfed0f,2026-07-20T12:33:27+00:00,CIFR,buy,0.14,roll_leap_close_short,984f2bb0,0.14,21.5,2026-07-24
c0921f4e-0929-4201-998e-1a705f16e896,2026-07-20T12:33:30+00:00,SMR,sell,0.14,open_short_call,,0.14,8.5,2026-07-24
671a7ada-6f4d-4945-872e-8a49d1fd1c3c,2026-07-21T12:33:23+00:00,CIFR,buy,0.74,roll_leap_close_short,5333e148,0.74,21.5,2026-07-24
1885fb71-42f7-492e-9f8a-f0fa7b0b55cd,2026-07-21T12:33:23+00:00,CIFR,sell,0.0,roll_leap_close,5333e148,0.0,7.0,2027-01-15
