branch	merged	ahead_main	worktree	origin
alyze-whale-cli	N		-	none
analyze-whale-dashboard	Y	0	-	pushed(synced)
backup-2026-05-19-2300	N	1	-	pushed(synced)
bitunix-10006-ratelimit-fix-2026-06-15	N	0	WT	pushed(synced)
bitunix-b1-entry-attached-stop-2026-06-10	N	0	WT	pushed(synced)
bitunix-b1-first-fill-validation-2026-06-14	Y	0	-	local-ahead(1)
bitunix-b2-maker-execution-2026-06-15	N	0	WT	pushed(synced)
bitunix-backlog-yfinance-removal-2026-06-14	Y	0	-	none
bitunix-bracket-exit-build-2026-06-16	N	2	WT	pushed(synced)
bitunix-bracket-exit-rebased-2026-06-17	N	8	WT	none
bitunix-bracket-exit-redesign-scope-2026-06-16	N	1	WT	none
bitunix-breaker-abstain-partial-equity-2026-06-15	N	0	WT	pushed(synced)
bitunix-breaker-abstain-scoping-2026-06-15	N	1	WT	pushed(synced)
bitunix-d1-drawdown-flatten-fix-2026-06-11	N	0	WT	pushed(synced)
bitunix-d1-netted-close-2026-06-21	N	30	-	pushed(synced)
bitunix-d3-role-2026-06-23	N	47	WT	pushed(synced)
bitunix-d4-concurrent-position-guard-2026-06-20	N	26	-	pushed(synced)
bitunix-day2-expanded-review-2026-06-10	N	3	WT	pushed(synced)
bitunix-dd-cap-config-2026-06-15	N	1	WT	pushed(synced)
bitunix-deblock-eventloop-2026-06-16	N	0	WT	pushed(synced)
bitunix-deploy-batch-2026-06-16	N	0	WT	local-ahead(1)
bitunix-entry-latency-investigation-2026-06-16	N	1	WT	none
bitunix-fillreg-exitguard-fix-2026-06-16	N	1	WT	pushed(synced)
bitunix-five-factor-recovery-2026-06-20	Y	0	-	pushed(synced)
bitunix-fresh-window-eval-2026-06-09	N	3	WT	pushed(synced)
bitunix-hitl-removal-2026-06-13	N	0	WT	pushed(synced)
bitunix-hitl-removal-analysis-2026-06-11	N	4	WT	pushed(synced)
bitunix-htf-vol-classifier-fix-2026-06-08	Y	0	-	pushed(synced)
bitunix-issue1-managed-exit-suppress-2026-06-21	N	2	-	pushed(synced)
bitunix-live-engine-stage1-broker-write	Y	0	-	pushed(synced)
bitunix-live-entry-path-2026-05-29	Y	0	-	pushed(synced)
bitunix-live-exec-safety-review-2026-06-10	N	3	WT	pushed(synced)
bitunix-live-exit-path-2026-05-29	N	4	-	pushed(synced)
bitunix-live-exit-path-2026-05-29-rebased	N	0	WT	pushed(synced)
bitunix-live-exit-path-impl-2026-06-01	N	0	WT	pushed(synced)
bitunix-live-exit-path-impl-session-b-2026-06-01	N	0	WT	pushed(synced)
bitunix-metrics-epoch-2026-06-20	N	28	-	pushed(synced)
bitunix-native-etl-2026-06-18	N	4	WT	pushed(synced)
bitunix-noninteractive-live-auth-2026-06-13	N	0	WT	pushed(synced)
bitunix-orderpath-safety-2026-05-29	Y	0	-	pushed(synced)
bitunix-orphan-managed-exit-scope-2026-06-16	N	1	WT	none
bitunix-prod-surface-md5diff-2026-05-30	N	0	WT	pushed(synced)
bitunix-redeem-sim-2026-06-22	N	43	-	pushed(synced)
bitunix-research-2026-06-20	N	3	-	pushed(synced)
bitunix-rest-resilience-2026-05-30	Y	0	-	pushed(synced)
bitunix-reversal-whipsaw-investigation-2026-06-11	N	1	WT	pushed(synced)
bitunix-risk-tier-pre-live	Y	0	-	pushed(synced)
bitunix-runbooks-gate-b-2026-05-30	N	0	WT	pushed(synced)
bitunix-scalp-tp-recalibration-2026-06-10	N	4	WT	pushed(synced)
bitunix-sfp-division-2026-06-25	Y	0	-	none
bitunix-signed-fetch-autobook-2026-06-15	N	0	WT	pushed(synced)
bitunix-silence-investigation-2026-06-08	N	19	WT	pushed(synced)
bitunix-staleness-reject-gate-2026-06-16	N	0	WT	pushed(synced)
bitunix-stop-slippage-analysis-2026-06-15	N	1	WT	pushed(synced)
bitunix-tpsl-rebuild-2026-06-18	N	23	-	pushed(synced)
bitunix-untaken-trades-deep-dive-2026-06-10	N	2	WT	pushed(synced)
btc-scalping-db-native-data-scope-2026-06-18	N	1	WT	pushed(synced)
bull-bottleneck-scorer-pa-2026-06-19	N	1	WT	pushed(synced)
bull-signal-starvation-diagnostic-2026-06-19	N	1	WT	pushed(synced)
c1-apify-cred-rotation	Y	0	-	pushed(synced)
c1-bitunix-cred-rotation	Y	0	-	pushed(synced)
c1-tastytrade-rotation-2026-05-31	N	1	WT	pushed(synced)
c1-tastytrade-verify-2026-05-29	Y	0	-	pushed(synced)
c7-webhook-secret-scrub	N	3	-	none
deploy-prep-2026-06-16	N	0	WT	pushed(synced)
disable-kalshi-scanners-2026-05-29	Y	0	-	pushed(synced)
e1-lock-setuptools-pin	Y	0	-	none
e2-2-fak-synth-2026-06-14	Y	0	-	none
e2-3-sizing-clamp-2026-06-14	Y	0	-	none
e2-4-live-divisions-2026-06-14	Y	0	-	none
e2-5-execution-mode-2026-06-14	Y	0	-	none
e2-6-loop-wiring-2026-06-14	Y	0	-	none
e2-7-deps-lock-fix-2026-06-15	Y	0	-	none
e2-7-runbook-delivery-fix-2026-06-15	Y	0	-	none
e2-scoping-2026-06-14	Y	0	-	pushed(synced)
e5a-polymarket-broker-config-plumbing-2026-06-15	Y	0	-	none
e5b-exit-chase-2026-06-16	Y	0	-	none
e5b-recon-2026-06-15	N	1	-	none
exit-chase-draft-2026-06-17	N	1	-	none
fee-model-reconciliation-2026-06-19	N	1	WT	pushed(synced)
forensic-snapshot-2026-06-04	N	0	WT	none
htf-proximity-audit-2026-06-01	N	2	WT	pushed(synced)
htf-regime-timeframe-sweep-2026-06-19	N	1	WT	pushed(synced)
kalshi-shelve-wrap-2026-06-14	Y	0	-	none
kalshi-sports-arb-shelve-2026-06-14	Y	0	-	pushed(synced)
main	Y	0	-	pushed(synced)
n2-phase3-scoping-2026-06-01	N	0	WT	pushed(synced)
otter-div-precursor-2026-06-19	N	1	WT	pushed(synced)
otter-divergence-scalp-2026-06-19	N	1	WT	pushed(synced)
otter-sfp-2026-06-19	N	1	-	pushed(synced)
otter-strategy-discovery-2026-06-19	N	2	WT	pushed(synced)
paper-trade-visualizer-2026-05-30	N	7	-	pushed(synced)
pm-metrics-epoch	Y	0	-	none
pm-watchlist-clustering-fix	Y	0	-	pushed(synced)
pm-watchlist-pnl-aggregation-fix	N	5	-	pushed(synced)
pm-watchlist-windowed-rescore	Y	0	-	pushed(synced)
polymarket-copy-path-to-live-scoping-2026-06-13	N	3	WT	pushed(synced)
polymarket-copy-paused-docs-2026-06-17	N	1	-	none
polymarket-e1-1-deps-respike-2026-06-13	N	0	WT	pushed(synced)
polymarket-e1-2-mapping-sign-2026-06-13	N	0	WT	pushed(synced)
polymarket-e1-3-place-poll-2026-06-13	N	0	WT	pushed(synced)
polymarket-e1-4-cancel-2026-06-13	N	0	WT	pushed(synced)
polymarket-e1-5-quote-2026-06-13	N	0	WT	pushed(synced)
polymarket-e1-6-assemble-2026-06-13	N	0	WT	pushed(synced)
polymarket-e1-7-preflight-2026-06-13	N	0	WT	pushed(synced)
polymarket-e1-live-broker-design-2026-06-13	N	2	WT	pushed(synced)
polymarket-e2-1-tokenid-2026-06-14	Y	0	-	pushed(synced)
polymarket-e2-7-phase0-validation-2026-06-15	Y	0	-	none
polymarket-gamma-5xx-retry	Y	0	-	none
polymarket-live-prep-2026-05-29	Y	0	-	none
polymarket-op-track-prep-2026-06-14	N	1	-	none
polymarket-option-c-phase1-2026-06-10	N	0	WT	pushed(synced)
polymarket-option-c-phase2-2026-06-10	N	0	WT	pushed(synced)
polymarket-option-c-phase3-unify-2026-06-11	N	0	WT	pushed(synced)
polymarket-option-c-phase4-cleanup-2026-06-13	N	0	WT	pushed(synced)
polymarket-option-c-scoping-2026-06-09	N	1	WT	pushed(synced)
polymarket-sell-pairing-investigation-2026-06-09	N	2	WT	pushed(synced)
polymarket-workflow-verification-2026-06-09	N	1	WT	pushed(synced)
prod-reconcile-2026-06-28	Y	0	WT	none
range-scalp-2026-06-19	N	2	WT	pushed(synced)
robinhood-agentic-evaluation-2026-06-08	N	1	WT	pushed(synced)
robinhood-agentic-pattern-3-exploration-2026-06-09	N	4	WT	pushed(synced)
robinhood-pead-2026-06-20	N	39	WT	pushed(synced)
session-wrap-2026-05-29-diagnostics-and-kalshi-disable	Y	0	-	pushed(synced)
stage1-architectural-review-2026-05-30	N	2	WT	pushed(synced)
stage1-deploy-2026-05-30	N	0	WT	pushed(synced)
stage1-forward-fix-2026-05-30	Y	0	-	pushed(synced)
stage1-paper-dashboard-2026-05-31	N	0	WT	pushed(synced)
stage1-redeploy-2026-05-30	N	1	WT	pushed(synced)
stage1-redeploy3-session-2026-05-30	N	1	WT	pushed(synced)
stop-distance-sensitivity-2026-06-19	N	1	WT	pushed(synced)
tooling-run-capped-python-alias-fix-2026-06-21	N	2	WT	local-ahead(1)
wallet-ops-pol-swap	N	0	WT	none
wallet-ops-toolchain	Y	0	-	none
worktree-TradeViewPS	N	7	WT	none
worktree-agent-a8e930abb23618fc2	N	0	WT	none
worktree-agent-ac7d026084ea1a3ff	N	0	WT	none
worktree-phase3-day2-audit-2026-06-02	N	2	WT	none
worktree-phase3-prod-deploy-2026-06-01	N	0	WT	pushed(synced)
worktree-polycopy	N	0	WT	none
worktree-stage1-blockers-items3-4-5-2026-05-30	N	0	WT	none
worktree-stage1-first-17h-review-2026-05-31	N	1	WT	pushed(synced)
worktree-stage1-post-deploy-admin-closeout-2026-05-31	N	0	WT	none
