coin,tf,config,L,slMult,RR,bias,IS_from,IS_to,OOS_from,OOS_to,IS_n,IS_WR,IS_avgR,IS_sumR,IS_PF,IS_maxDD,IS_net06,IS_net04,IS_sumR_TPfirst,OOS_n,OOS_WR,OOS_avgR,OOS_sumR,OOS_PF,OOS_maxDD,OOS_net06,OOS_net04,OOS_sumR_TPfirst,OOS_insufficient,survives_OOS,relaxed_IS
BTCUSDT,3m,WF-winner,15,1.5,4.5,2,2022-07-01,2025-04-18,2025-04-18,2026-06-30,8470,0.3192443919716647,0.04772508783612157,404.23149397194965,1.080230234793753,-128.1875,-6995.594141715065,-4528.985596486062,452.04399397194965,3655,0.32366621067031465,0.04370848534109543,159.7545139217038,1.073773640890317,-55.03125,-3234.451314636175,-2103.049371783549,171.1295139217038,False,True,False
BTCUSDT,3m,Fixed-default,30,2.1,3.5,5,2022-07-01,2025-04-18,2025-04-18,2026-06-30,4791,0.3717386766854519,0.020393252004837548,97.7040703551767,1.036875983385807,-45.9375,-2876.508836802338,-1885.1045344165,105.9853203551767,2053,0.36629322942036047,0.009229354854730473,18.94786551676166,1.0167491851656885,-52.28125,-1348.3531613958953,-892.5861524250098,22.63536551676166,False,True,
BTCUSDT,15m,WF-winner,10,1.5,4.0,0,2022-07-02,2025-04-18,2025-04-18,2026-06-30,1829,0.3548387096774194,0.0711304348725433,130.09756538188168,1.1261858054140461,-40.5,-398.34580200644507,-222.19801287700284,143.59756538188168,819,0.32722832722832723,-0.037950710348202334,-31.081631775177712,0.9348504957956026,-43.0,-294.5623548863389,-206.7354471826185,-29.331631775177712,False,False,False
BTCUSDT,15m,Fixed-default,30,2.1,3.5,5,2022-07-02,2025-04-18,2025-04-18,2026-06-30,865,0.39075144508670523,0.07720542126577153,66.78268939489237,1.1457838911683305,-32.625,-124.92878080905116,-61.02495740773667,70.47018939489237,399,0.3583959899749373,-0.01699561403508772,-6.78125,0.9691629955947136,-24.40625,-102.79134251577534,-70.78797834385023,-5.84375,False,False,
BTCUSDT,1h,WF-winner,15,2.5,2.5,2,2022-07-06,2025-04-18,2025-04-18,2026-06-30,238,0.4327731092436975,0.20081194361593302,47.79324258059206,1.486349890450612,-9.0625,30.05672550510372,35.96889786359982,48.51199258059206,128,0.375,0.022705078125,2.90625,1.0452554744525548,-12.25,-7.992101982286041,-4.359317988190695,2.90625,False,True,False
BTCUSDT,1h,Fixed-default,30,2.1,3.5,5,2022-07-06,2025-04-18,2025-04-18,2026-06-30,211,0.38388625592417064,0.09375,19.78125,1.1713125845737482,-23.65625,1.459703238659701,7.566885492439798,20.25,112,0.3392857142857143,-0.03515625,-3.9375,0.9416126042632067,-16.46875,-16.109041623589626,-12.051861082393083,-3.9375,False,False,
BTCUSDT,4h,WF-winner,20,1.5,2.5,2,2022-07-21,2025-04-18,2025-04-18,2026-06-30,94,0.4787234042553192,0.3178348368176822,29.87647466086213,1.8559061675448416,-3.59375,24.507628291618367,26.297243748032948,32.03272466086213,43,0.32558139534883723,-0.04505813953488372,-1.9375,0.9186351706036745,-8.375,-4.979894207458396,-3.9657628049722655,-1.9375,False,False,False
BTCUSDT,4h,Fixed-default,30,2.1,3.5,5,2022-07-21,2025-04-18,2025-04-18,2026-06-30,43,0.4418604651162791,0.023524834570354404,1.0115678865252393,1.0483403979827433,-6.375,-0.6254242729959063,-0.07976021982219217,1.0115678865252393,21,0.47619047619047616,0.3528862718262278,7.410611708350784,1.812121831052141,-3.53125,6.340260449293883,6.69704420231285,7.410611708350784,True,False,
BTCUSDT,1d,WF-winner,10,1.0,2.0,0,2022-10-29,2025-04-17,2025-04-18,2026-06-30,30,0.5666666666666667,0.4041666666666667,12.125,2.328767123287671,-2.625,11.16032353632082,11.481882357547216,12.125,15,0.6666666666666666,0.5,7.5,2.764705882352941,-2.625,6.855133718054922,7.0700891453699475,7.5,True,False,False
BTCUSDT,1d,Fixed-default,30,2.1,3.5,5,2022-10-29,2025-04-17,2025-04-18,2026-06-30,11,0.2727272727272727,-0.23011363636363635,-2.53125,0.6415929203539823,-3.71875,-2.718477997198357,-2.6560686647989042,-2.53125,4,0.75,1.3443954578285187,5.377581831314075,11.122506976591199,-0.53125,5.310995298716545,5.333190809582387,5.377581831314075,True,False,
ETHUSDT,3m,WF-winner,10,1.0,4.5,0,2022-07-01,2025-04-18,2025-04-18,2026-06-30,15080,0.3194297082228117,0.04471568302387268,674.3125,1.0746617764091209,-150.4375,-14538.643545644798,-9467.658197096534,765.65625,6443,0.30684463759118424,0.009159383903751237,59.013910491869225,1.0149940858442492,-103.59375,-5414.207478611469,-3589.8003489103567,96.88891049186923,False,True,False
ETHUSDT,3m,Fixed-default,30,2.1,3.5,5,2022-07-01,2025-04-18,2025-04-18,2026-06-30,4918,0.37291581943879626,0.023328138574200682,114.72778550791895,1.0423139948624807,-120.3125,-2271.4422205719147,-1476.0522185453035,126.88403550791895,2071,0.38000965717044904,0.038629473996465005,80.00164064667902,1.071404136353826,-74.78125,-719.5465519406753,-453.0304877448905,85.53289064667902,False,True,
ETHUSDT,15m,WF-winner,15,1.0,4.5,4,2022-07-02,2025-04-18,2025-04-18,2026-06-30,2064,0.34593023255813954,0.14232073643410853,293.75,1.2487167275228872,-34.1875,-505.22140528429793,-238.89760352286544,316.0,890,0.298876404494382,0.0017486743521724778,1.5563201734335053,1.002915447196301,-92.78125,-287.5393421188184,-191.17412135473447,14.431320173433505,False,True,False
ETHUSDT,15m,Fixed-default,30,2.1,3.5,5,2022-07-02,2025-04-18,2025-04-18,2026-06-30,878,0.4020501138952164,0.08726823684994521,76.6215119542519,1.170624171043758,-21.75,-78.82032491432297,-27.00637929146469,81.6215119542519,373,0.38873994638069703,0.09819034852546916,36.625,1.1841030474395224,-15.1875,-14.088640385120346,2.8159064099197577,37.09375,False,True,
ETHUSDT,1h,WF-winner,25,1.0,4.5,10,2022-07-06,2025-04-18,2025-04-18,2026-06-30,221,0.3755656108597285,0.20571147415897303,45.46223578913304,1.3692364328051414,-10.0,12.63718011338972,23.578865338637485,47.58723578913304,119,0.2857142857142857,-0.07720588235294118,-9.1875,0.8773466833541927,-17.21875,-25.528418970963543,-20.08144598064236,-8.65625,False,False,False
ETHUSDT,1h,Fixed-default,30,2.1,3.5,5,2022-07-06,2025-04-18,2025-04-18,2026-06-30,238,0.36554621848739494,0.055934873949579834,13.3125,1.1032226799127696,-12.96875,-3.6756981852305284,1.9870345431796483,14.46875,105,0.29523809523809524,-0.0858709145930273,-9.016446032267867,0.8554858621548104,-16.90625,-15.425003804347513,-13.288817880320964,-9.016446032267867,False,False,
ETHUSDT,4h,WF-winner,30,1.0,4.5,4,2022-07-21,2025-04-18,2025-04-18,2026-06-30,62,0.5,0.5231854838709677,32.4375,2.2126168224299065,-2.65625,28.032424360752625,29.500782907168414,32.4375,36,0.3611111111111111,0.2465277777777778,8.875,1.3949930458970792,-8.84375,6.431535084739368,7.246023389826244,8.875,False,True,False
ETHUSDT,4h,Fixed-default,30,2.1,3.5,5,2022-07-21,2025-04-18,2025-04-18,2026-06-30,47,0.40425531914893614,0.008643617021276596,0.40625,1.0167525773195876,-5.21875,-1.162488635958606,-0.639575757305735,0.40625,23,0.391304347826087,0.035618145749083896,0.8192173522289297,1.062715203998387,-6.84375,0.13644918754355362,0.36403857577201193,0.8192173522289297,True,False,
ETHUSDT,1d,WF-winner,10,1.0,2.5,0,2022-10-29,2025-04-17,2025-04-18,2026-06-30,30,0.3333333333333333,0.05625,1.6875,1.1210762331838564,-6.15625,0.8579796347522033,1.134486423168135,1.6875,11,0.5454545454545454,0.4090909090909091,4.5,3.0,-2.25,4.244872881106387,4.329915254070924,4.5,True,False,False
ETHUSDT,1d,Fixed-default,30,2.1,3.5,5,2022-10-29,2025-04-17,2025-04-18,2026-06-30,9,0.3333333333333333,0.11458333333333333,1.03125,1.1864406779661016,-2.53125,0.9177646536030384,0.9555931024020263,1.03125,4,0.5,0.59375,2.375,2.1875,-1.0,2.3309235139974094,2.345615675998273,2.375,True,False,
SOLUSDT,3m,WF-winner,10,1.0,4.5,2,2022-07-01,2025-04-18,2025-04-18,2026-06-30,14587,0.316994584218825,0.033824196213803635,493.3935501707536,1.05629795863555,-96.53125,-6967.534972802263,-4480.558798477925,550.7685501707535,6359,0.3119987419405567,0.01890529171253342,120.21875,1.031181610387926,-131.125,-4078.5630129433225,-2678.9690919622153,149.59375,False,True,False
SOLUSDT,3m,Fixed-default,30,2.1,3.5,5,2022-07-01,2025-04-18,2025-04-18,2026-06-30,4733,0.37312486794844707,0.030405408119404863,143.9087966291432,1.0551810757079658,-47.3125,-999.3231028946013,-618.2458030533533,147.8775466291432,2018,0.3810703666997027,0.05302757259177266,107.00964149019723,1.0988028313141645,-43.84375,-515.0425272966149,-307.6918043676776,107.47839149019723,False,True,
SOLUSDT,15m,WF-winner,50,1.0,4.5,0,2022-07-02,2025-04-18,2025-04-18,2026-06-30,745,0.3597315436241611,0.19823825503355705,147.6875,1.3587641387686935,-15.4375,-2.1798655659626913,47.775922956024864,153.90625,325,0.3076923076923077,-0.0028846153846153848,-0.9375,0.9952373392602001,-35.875,-81.63835428396521,-54.738069522643485,2.875,False,False,False
SOLUSDT,15m,Fixed-default,30,2.1,3.5,5,2022-07-02,2025-04-18,2025-04-18,2026-06-30,856,0.40186915887850466,0.0701900022073275,60.08264188947234,1.1359109451167473,-20.3125,-22.013334848085677,5.351990731100322,62.61389188947234,362,0.3784530386740331,0.0257287592436857,9.313810846214224,1.0489395643807644,-36.0625,-33.94770708374783,-19.52720110709382,9.313810846214224,False,True,
SOLUSDT,1h,WF-winner,15,1.0,3.0,2,2022-07-06,2025-04-18,2025-04-18,2026-06-30,544,0.48161764705882354,0.16702320418247296,90.8606230752653,1.362084674770671,-14.5,38.06792326983888,55.66548987164768,97.9856230752653,256,0.44921875,0.11318846160474344,28.97624617081432,1.237220972481922,-9.5625,-1.5318916777090337,8.63748760513209,30.91374617081432,False,True,False
SOLUSDT,1h,Fixed-default,30,2.1,3.5,5,2022-07-06,2025-04-18,2025-04-18,2026-06-30,217,0.3824884792626728,0.0941427030480847,20.42896656143438,1.1730351852741927,-12.9375,11.011894883509672,14.15091877615124,20.89771656143438,110,0.37272727272727274,-0.007954545454545454,-0.875,0.9855521155830753,-11.15625,-7.195754892918234,-5.088836595278822,-0.875,False,False,
SOLUSDT,4h,WF-winner,20,1.5,4.5,10,2022-07-21,2025-04-18,2025-04-18,2026-06-30,60,0.48333333333333334,0.6572708174774201,39.43624904864521,2.5352311065166018,-3.46875,37.601658224182145,38.21318849900317,40.24874904864521,24,0.375,0.27734375,6.65625,1.539240506329114,-6.125,5.717390594083121,6.030343729388747,6.65625,True,False,False
SOLUSDT,4h,Fixed-default,30,2.1,3.5,5,2022-07-21,2025-04-18,2025-04-18,2026-06-30,64,0.390625,0.1708984375,10.9375,1.3277153558052435,-4.53125,9.491987132912941,9.973824755275293,12.5625,25,0.4,0.10625,2.65625,1.2023809523809523,-5.375,1.9546699258014293,2.1885299505342855,2.65625,True,False,
SOLUSDT,1d,WF-winner,10,1.0,2.0,0,2022-10-29,2025-04-17,2025-04-18,2026-06-30,33,0.5757575757575758,0.42803030303030304,14.125,2.591549295774648,-2.0,13.540562233448924,13.73537482229928,14.125,14,0.42857142857142855,0.026785714285714284,0.375,1.0588235294117647,-2.625,0.04949202589553159,0.15799468393035498,0.375,True,False,False
SOLUSDT,1d,Fixed-default,30,2.1,3.5,5,2022-10-29,2025-04-17,2025-04-18,2026-06-30,13,0.23076923076923078,-0.4710895523612027,-6.124164180695635,0.32423015937151617,-7.90625,-6.231816362687217,-6.195932302023356,-6.124164180695635,4,0.5,0.7109375,2.84375,2.857142857142857,-0.53125,2.803883300102298,2.8171722000681987,2.84375,True,False,
XRPUSDT,3m,WF-winner,20,2.5,4.5,6,2022-07-01,2025-04-18,2025-04-18,2026-06-30,3184,0.3326005025125628,0.07877599945825015,250.82278227506845,1.1356325774000404,-33.53125,-562.1624798394624,-291.1673924679522,253.54153227506845,1464,0.3073770491803279,-0.012239803915341331,-17.91907293205971,0.9799905665692182,-60.9375,-435.47213129609696,-296.28777850808456,-16.85657293205971,False,False,False
XRPUSDT,3m,Fixed-default,30,2.1,3.5,5,2022-07-01,2025-04-18,2025-04-18,2026-06-30,4748,0.36541701769165963,-0.0035212194608256107,-16.71875,0.9937070669050532,-129.15625,-1599.4578192529789,-1071.8781295019862,-9.625,1963,0.3815588385124809,0.050479598892127255,99.09145262524581,1.0928855376415685,-29.21875,-623.9646168318177,-382.9459270127966,104.37270262524581,False,True,
XRPUSDT,15m,WF-winner,10,1.5,3.5,0,2022-07-02,2025-04-18,2025-04-18,2026-06-30,1788,0.3870246085011186,0.06925797098114561,123.83325211428836,1.1300001334445648,-41.46875,-189.73733219764927,-85.21380409367009,133.17700211428837,831,0.34296028880866425,-0.04396876358228808,-36.53804253688139,0.923938501094184,-66.46875,-194.5458501203281,-141.8765809258459,-32.88179253688139,False,False,False
XRPUSDT,15m,Fixed-default,30,2.1,3.5,5,2022-07-02,2025-04-18,2025-04-18,2026-06-30,839,0.3528009535160906,-0.038539000869095535,-32.334221729171155,0.9327014234157055,-42.4375,-143.30826854560138,-106.3169196067913,-25.490471729171155,367,0.40054495912806537,0.10703337874659401,39.28125,1.2052244897959183,-12.75,-13.933603066488885,3.804681289007405,39.28125,False,True,
XRPUSDT,1h,WF-winner,35,1.0,4.0,2,2022-07-06,2025-04-18,2025-04-18,2026-06-30,284,0.3732394366197183,0.2007042253521127,57.0,1.38,-10.5,17.933280921023908,30.955520614015935,59.75,117,0.37606837606837606,0.1623931623931624,19.0,1.304,-11.75,1.9408823182997101,7.6272548788664665,19.0,False,True,False
XRPUSDT,1h,Fixed-default,30,2.1,3.5,5,2022-07-06,2025-04-18,2025-04-18,2026-06-30,225,0.38222222222222224,0.020653835955656653,4.647113090022747,1.0373355809391733,-17.21875,-9.150643358438971,-4.551391208951731,6.240863090022747,106,0.36792452830188677,0.12293632075471699,13.03125,1.2261388286334056,-12.0,5.972699002164875,8.325549334776582,13.03125,False,True,
XRPUSDT,4h,WF-winner,10,1.0,3.5,4,2022-07-21,2025-04-18,2025-04-18,2026-06-30,155,0.47096774193548385,0.24879032258064515,38.5625,1.5275758871312526,-5.53125,29.023523155745607,32.20318210383041,40.625,77,0.37662337662337664,0.05925324675324675,4.5625,1.1053391053391053,-14.25,-0.6029999902022949,1.1188333398651396,4.5625,False,True,False
XRPUSDT,4h,Fixed-default,30,2.1,3.5,5,2022-07-21,2025-04-18,2025-04-18,2026-06-30,53,0.4528301886792453,0.23003280047861133,12.1917384253664,1.4553061640723148,-4.53125,10.780438349264214,11.250871707964949,13.0979884253664,22,0.5909090909090909,0.8387049393280349,18.451508665216767,3.4298283015923317,-1.0625,17.751000447516088,17.984503186749645,18.451508665216767,True,False,
XRPUSDT,1d,WF-winner,10,1.0,2.0,2,2022-10-29,2025-04-17,2025-04-18,2026-06-30,30,0.4,0.020833333333333332,0.625,1.0434782608695652,-3.375,-0.030935567127388763,0.1877096219150749,1.875,14,0.42857142857142855,0.14285714285714285,2.0,1.3636363636363635,-3.625,1.6332376807128364,1.7554917871418907,2.0,True,False,False
XRPUSDT,1d,Fixed-default,30,2.1,3.5,5,2022-10-29,2025-04-17,2025-04-18,2026-06-30,10,0.3,-0.08562409442408782,-0.8562409442408782,0.8469289932083347,-5.0625,-0.9440317485819252,-0.9147681471349092,-0.8562409442408782,4,0.5,0.6636467397474584,2.6545869589898334,2.7336078099525443,-0.53125,2.612100370371518,2.626262566577623,2.6545869589898334,True,False,
