coin,side,entry_ts,exit_ts,R,day
BTCUSDT,short,1659657780000,1659661560000,-1.0,1659657600000
BTCUSDT,short,1660930020000,1660946040000,3.0,1660867200000
BTCUSDT,short,1661050980000,1661069340000,-1.0,1661040000000
BTCUSDT,long,1661821020000,1661868540000,-1.0,1661817600000
BTCUSDT,long,1662771780000,1662787260000,3.0,1662768000000
BTCUSDT,short,1663369380000,1663372620000,-1.0,1663286400000
BTCUSDT,long,1664423100000,1664454780000,-1.0,1664409600000
BTCUSDT,short,1664471160000,1664497800000,-1.0,1664409600000
BTCUSDT,long,1664906580000,1664975520000,-1.0,1664841600000
BTCUSDT,short,1665147780000,1665752580000,-0.463128,1665100800000
BTCUSDT,long,1666880100000,1666901880000,-1.0,1666828800000
BTCUSDT,short,1667164860000,1667182860000,3.0,1667088000000
BTCUSDT,long,1667660760000,1667699820000,-1.0,1667606400000
BTCUSDT,short,1670851260000,1670854680000,-1.0,1670803200000
BTCUSDT,long,1671548580000,1671719400000,-1.0,1671494400000
BTCUSDT,short,1671761160000,1671764040000,-1.0,1671753600000
BTCUSDT,long,1673967780000,1673970120000,-1.0,1673913600000
BTCUSDT,long,1674202140000,1674233100000,3.0,1674172800000
BTCUSDT,long,1674741960000,1674783360000,-1.0,1674691200000
BTCUSDT,long,1674901980000,1674955080000,3.0,1674864000000
BTCUSDT,long,1675283400000,1675661220000,-1.0,1675209600000
BTCUSDT,short,1676279340000,1676379240000,-1.0,1676246400000
BTCUSDT,long,1676914560000,1676970540000,-1.0,1676851200000
BTCUSDT,long,1677489480000,1677504600000,3.0,1677456000000
BTCUSDT,short,1677855780000,1677979080000,-1.0,1677801600000
BTCUSDT,long,1679003100000,1679048460000,3.0,1678924800000
BTCUSDT,long,1679155740000,1679157000000,-1.0,1679097600000
BTCUSDT,short,1683016740000,1683031140000,-1.0,1682985600000
BTCUSDT,long,1685347380000,1685357280000,-1.0,1685318400000
BTCUSDT,long,1685468340000,1685508300000,-1.0,1685404800000
BTCUSDT,short,1685541780000,1685576520000,-1.0,1685491200000
BTCUSDT,long,1686281760000,1686370680000,-1.0,1686268800000
BTCUSDT,long,1686538980000,1686659400000,3.0,1686528000000
BTCUSDT,short,1686831300000,1686835260000,-1.0,1686787200000
BTCUSDT,long,1687529880000,1687533660000,3.0,1687478400000
BTCUSDT,long,1687923900000,1687937220000,-1.0,1687910400000
BTCUSDT,long,1688455080000,1688489460000,-1.0,1688428800000
BTCUSDT,long,1688492880000,1688497920000,-1.0,1688428800000
BTCUSDT,short,1688734980000,1688738400000,-1.0,1688688000000
BTCUSDT,short,1688749740000,1689014340000,-1.0,1688688000000
BTCUSDT,long,1690618320000,1690620660000,-1.0,1690588800000
BTCUSDT,short,1694481300000,1694487780000,-1.0,1694476800000
BTCUSDT,long,1694863440000,1694912940000,-1.0,1694822400000
BTCUSDT,long,1695193380000,1695237480000,-1.0,1695168000000
BTCUSDT,long,1696637340000,1696638240000,-1.0,1696636800000
BTCUSDT,short,1696928580000,1696963680000,3.0,1696896000000
BTCUSDT,long,1698278940000,1698317100000,-1.0,1698278400000
BTCUSDT,long,1698413400000,1698417000000,-1.0,1698364800000
BTCUSDT,long,1698843780000,1698850080000,-1.0,1698796800000
BTCUSDT,long,1699705080000,1699740540000,-1.0,1699660800000
BTCUSDT,short,1700190540000,1700240580000,-1.0,1700179200000
BTCUSDT,long,1700555040000,1700565840000,-1.0,1700524800000
BTCUSDT,long,1701576180000,1701641880000,3.0,1701561600000
BTCUSDT,long,1701692460000,1701703980000,-1.0,1701648000000
BTCUSDT,long,1701900180000,1701939420000,-1.0,1701820800000
BTCUSDT,short,1702368360000,1702401660000,3.0,1702339200000
BTCUSDT,short,1703808180000,1703811600000,3.0,1703808000000
BTCUSDT,short,1705626360000,1705635000000,3.0,1705622400000
BTCUSDT,short,1706084280000,1706092740000,-1.0,1706054400000
BTCUSDT,short,1706749380000,1706799780000,-1.0,1706745600000
BTCUSDT,long,1707886980000,1707900840000,3.0,1707868800000
BTCUSDT,long,1708355160000,1708361460000,-1.0,1708300800000
BTCUSDT,long,1708491780000,1708495560000,-1.0,1708473600000
BTCUSDT,long,1709776980000,1709911620000,3.0,1709769600000
BTCUSDT,short,1710518580000,1710527940000,-1.0,1710460800000
BTCUSDT,short,1710772380000,1710889560000,3.0,1710720000000
BTCUSDT,short,1711198980000,1711204200000,-1.0,1711152000000
BTCUSDT,short,1712113560000,1712116080000,-1.0,1712102400000
BTCUSDT,long,1712372760000,1712442240000,3.0,1712361600000
BTCUSDT,short,1713229380000,1713231000000,-1.0,1713225600000
BTCUSDT,short,1713232980000,1713303180000,-1.0,1713225600000
BTCUSDT,long,1713794580000,1713968640000,-1.0,1713744000000
BTCUSDT,short,1714396680000,1714400820000,-1.0,1714348800000
BTCUSDT,short,1715228820000,1715252580000,3.0,1715212800000
BTCUSDT,long,1715828580000,1715839200000,-1.0,1715817600000
BTCUSDT,short,1716501780000,1716566400000,-1.0,1716422400000
BTCUSDT,long,1717139520000,1717141500000,-1.0,1717113600000
BTCUSDT,long,1717498980000,1717509960000,3.0,1717459200000
BTCUSDT,long,1717765380000,1717780500000,-1.0,1717718400000
BTCUSDT,short,1718334360000,1718343360000,-1.0,1718323200000
BTCUSDT,short,1718355780000,1718371620000,-1.0,1718323200000
BTCUSDT,short,1719004680000,1719042840000,-1.0,1718928000000
BTCUSDT,long,1719537480000,1719560520000,-1.0,1719532800000
BTCUSDT,long,1721109780000,1721112120000,-1.0,1721088000000
BTCUSDT,long,1721170980000,1721234340000,-1.0,1721088000000
BTCUSDT,short,1721786580000,1721808360000,-1.0,1721779200000
BTCUSDT,short,1724076180000,1724088600000,-1.0,1724025600000
BTCUSDT,long,1724156820000,1724160960000,-1.0,1724112000000
BTCUSDT,long,1726017120000,1726017660000,-1.0,1726012800000
BTCUSDT,long,1726851240000,1726854840000,-1.0,1726790400000
BTCUSDT,long,1726898940000,1726998120000,-1.0,1726876800000
BTCUSDT,short,1727856180000,1727873640000,3.0,1727827200000
BTCUSDT,short,1728536760000,1728539280000,-1.0,1728518400000
BTCUSDT,long,1728994860000,1729000260000,3.0,1728950400000
BTCUSDT,long,1729130580000,1729140120000,-1.0,1729123200000
BTCUSDT,long,1729324980000,1729335780000,-1.0,1729296000000
BTCUSDT,short,1730657880000,1730662560000,-1.0,1730592000000
BTCUSDT,long,1731466980000,1731472380000,-1.0,1731456000000
BTCUSDT,long,1733584140000,1733648220000,-1.0,1733529600000
BTCUSDT,short,1734991920000,1734992280000,-1.0,1734912000000
BTCUSDT,long,1736222580000,1736244900000,-1.0,1736208000000
BTCUSDT,long,1736997120000,1736998380000,-1.0,1736985600000
BTCUSDT,short,1738699380000,1739304180000,2.365973,1738627200000
BTCUSDT,short,1741701780000,1741716720000,-1.0,1741651200000
BTCUSDT,long,1742860980000,1742866200000,-1.0,1742860800000
BTCUSDT,long,1742961780000,1742972400000,3.0,1742947200000
BTCUSDT,short,1743732180000,1743750540000,-1.0,1743724800000
BTCUSDT,short,1744796700000,1744806240000,-1.0,1744761600000
BTCUSDT,short,1747094580000,1747127880000,-1.0,1747094400000
BTCUSDT,short,1748613780000,1748623680000,3.0,1748563200000
BTCUSDT,short,1748732580000,1748793960000,-1.0,1748649600000
BTCUSDT,long,1749021840000,1749031920000,3.0,1748995200000
BTCUSDT,short,1750230180000,1750405860000,-1.0,1750204800000
BTCUSDT,long,1750756140000,1750847040000,3.0,1750723200000
BTCUSDT,short,1751382180000,1751443200000,-1.0,1751328000000
BTCUSDT,long,1751875380000,1751889960000,-1.0,1751846400000
BTCUSDT,long,1753698240000,1753702020000,-1.0,1753660800000
BTCUSDT,long,1754763660000,1754774640000,-1.0,1754697600000
BTCUSDT,long,1754938980000,1754941500000,-1.0,1754870400000
BTCUSDT,short,1755676980000,1755679500000,-1.0,1755648000000
BTCUSDT,short,1756051380000,1756064160000,3.0,1755993600000
BTCUSDT,short,1756214460000,1756233720000,-1.0,1756166400000
BTCUSDT,short,1756771920000,1756777680000,-1.0,1756771200000
BTCUSDT,long,1757685780000,1757926440000,-1.0,1757635200000
BTCUSDT,long,1758204180000,1758236400000,-1.0,1758153600000
BTCUSDT,short,1758672180000,1758673260000,-1.0,1758672000000
BTCUSDT,short,1758880980000,1758907440000,-1.0,1758844800000
BTCUSDT,long,1759420980000,1759639320000,3.0,1759363200000
BTCUSDT,long,1759701780000,1759759020000,3.0,1759622400000
BTCUSDT,long,1759815540000,1759818240000,-1.0,1759795200000
BTCUSDT,short,1760275440000,1760280480000,-1.0,1760227200000
BTCUSDT,short,1760454720000,1760456700000,-1.0,1760400000000
BTCUSDT,short,1760497380000,1760607180000,3.0,1760486400000
BTCUSDT,short,1760720580000,1760867280000,-1.0,1760659200000
BTCUSDT,short,1763381520000,1763390160000,-1.0,1763337600000
BTCUSDT,short,1763392140000,1763441100000,3.0,1763337600000
BTCUSDT,short,1763773380000,1763861760000,-1.0,1763769600000
BTCUSDT,long,1764810180000,1764853380000,-1.0,1764806400000
BTCUSDT,short,1764950580000,1765131480000,-1.0,1764892800000
BTCUSDT,short,1765893780000,1765900440000,-1.0,1765843200000
BTCUSDT,short,1766499480000,1766505780000,-1.0,1766448000000
BTCUSDT,short,1766512980000,1766522700000,-1.0,1766448000000
BTCUSDT,short,1767915360000,1767922200000,-1.0,1767830400000
BTCUSDT,long,1768489380000,1768492080000,-1.0,1768435200000
BTCUSDT,short,1769050980000,1769095440000,3.0,1769040000000
BTCUSDT,long,1769637780000,1769649840000,-1.0,1769558400000
BTCUSDT,short,1770908760000,1770995340000,-1.0,1770854400000
BTCUSDT,long,1773583380000,1773614880000,3.0,1773532800000
BTCUSDT,short,1774386540000,1774388520000,-1.0,1774310400000
BTCUSDT,long,1774472580000,1774501560000,-1.0,1774396800000
BTCUSDT,long,1775779560000,1775807460000,-1.0,1775779200000
BTCUSDT,long,1778473980000,1778517180000,3.0,1778457600000
BTCUSDT,short,1778767560000,1778768280000,-1.0,1778716800000
BTCUSDT,short,1779152580000,1779266160000,-1.0,1779148800000
BTCUSDT,long,1781308980000,1781364060000,3.0,1781308800000
BTCUSDT,long,1781661780000,1781682480000,-1.0,1781654400000
BTCUSDT,long,1782033840000,1782074700000,-1.0,1782000000000
BTCUSDT,short,1782494280000,1782567360000,-1.0,1782432000000
ETHUSDT,short,1662944580000,1662946920000,-1.0,1662940800000
ETHUSDT,short,1664471340000,1664497800000,-1.0,1664409600000
ETHUSDT,long,1664842140000,1664892000000,3.0,1664841600000
ETHUSDT,long,1666926720000,1666942200000,-1.0,1666915200000
ETHUSDT,short,1668067380000,1668070080000,-1.0,1668038400000
ETHUSDT,short,1668086820000,1668087000000,-1.0,1668038400000
ETHUSDT,short,1669647780000,1669654440000,-1.0,1669593600000
ETHUSDT,long,1669735620000,1669768740000,3.0,1669680000000
ETHUSDT,short,1672277040000,1672287840000,-1.0,1672272000000
ETHUSDT,short,1672309080000,1672320600000,-1.0,1672272000000
ETHUSDT,long,1674001980000,1674050760000,3.0,1674000000000
ETHUSDT,short,1674486180000,1675019700000,-1.0,1674432000000
ETHUSDT,long,1675283400000,1675888200000,0.107136,1675209600000
ETHUSDT,short,1676129400000,1676140200000,3.0,1676073600000
ETHUSDT,short,1676383380000,1676386080000,-1.0,1676332800000
ETHUSDT,short,1677007260000,1677033000000,3.0,1676937600000
ETHUSDT,short,1677406140000,1677420720000,-1.0,1677369600000
ETHUSDT,long,1677519180000,1677521880000,-1.0,1677456000000
ETHUSDT,long,1677690540000,1677700080000,-1.0,1677628800000
ETHUSDT,short,1677855780000,1677978900000,-1.0,1677801600000
ETHUSDT,long,1678753260000,1678780080000,-1.0,1678752000000
ETHUSDT,short,1678960980000,1678963680000,-1.0,1678924800000
ETHUSDT,long,1679003100000,1679092560000,3.0,1678924800000
ETHUSDT,long,1683205560000,1683206280000,-1.0,1683158400000
ETHUSDT,short,1683620280000,1683634320000,-1.0,1683590400000
ETHUSDT,long,1684767780000,1684811880000,3.0,1684713600000
ETHUSDT,long,1685358900000,1685370780000,-1.0,1685318400000
ETHUSDT,long,1685408580000,1685508300000,-1.0,1685404800000
ETHUSDT,long,1685754360000,1685756160000,-1.0,1685750400000
ETHUSDT,short,1686564180000,1686659400000,-1.0,1686528000000
ETHUSDT,short,1687859640000,1687860360000,-1.0,1687824000000
ETHUSDT,long,1688423400000,1688497560000,-1.0,1688342400000
ETHUSDT,short,1688522580000,1688545080000,3.0,1688515200000
ETHUSDT,short,1689681780000,1689728220000,-1.0,1689638400000
ETHUSDT,short,1690241580000,1690252380000,-1.0,1690156800000
ETHUSDT,long,1690446420000,1690470540000,-1.0,1690416000000
ETHUSDT,short,1691029620000,1691074620000,-1.0,1691020800000
ETHUSDT,short,1692406980000,1692460080000,-1.0,1692403200000
ETHUSDT,short,1693015380000,1693145520000,-1.0,1693008000000
ETHUSDT,short,1693230660000,1693318680000,-1.0,1693180800000
ETHUSDT,long,1693489140000,1693489500000,-1.0,1693440000000
ETHUSDT,short,1693852380000,1693909620000,-1.0,1693785600000
ETHUSDT,short,1694592180000,1694605320000,-1.0,1694563200000
ETHUSDT,short,1695006540000,1695022200000,-1.0,1694995200000
ETHUSDT,long,1696100040000,1696110120000,-1.0,1696032000000
ETHUSDT,long,1696194180000,1696198500000,3.0,1696118400000
ETHUSDT,short,1696924980000,1696942440000,3.0,1696896000000
ETHUSDT,short,1697025780000,1697046480000,3.0,1696982400000
ETHUSDT,short,1697080500000,1697104620000,3.0,1697068800000
ETHUSDT,long,1697851080000,1697852340000,-1.0,1697846400000
ETHUSDT,long,1698688980000,1698888420000,3.0,1698624000000
ETHUSDT,short,1700067780000,1700071740000,-1.0,1700006400000
ETHUSDT,long,1700492580000,1700578980000,-1.0,1700438400000
ETHUSDT,short,1701306180000,1701312120000,-1.0,1701302400000
ETHUSDT,long,1702134180000,1702164780000,-1.0,1702080000000
ETHUSDT,short,1703138580000,1703141460000,-1.0,1703116800000
ETHUSDT,long,1703286720000,1703296440000,-1.0,1703203200000
ETHUSDT,long,1703415780000,1703450520000,-1.0,1703376000000
ETHUSDT,long,1704232980000,1704281040000,-1.0,1704153600000
ETHUSDT,short,1704494340000,1704495960000,-1.0,1704412800000
ETHUSDT,long,1704794760000,1704804840000,-1.0,1704758400000
ETHUSDT,long,1704891960000,1704920760000,3.0,1704844800000
ETHUSDT,long,1705195980000,1705198680000,-1.0,1705190400000
ETHUSDT,short,1705690980000,1705886280000,3.0,1705622400000
ETHUSDT,long,1706347080000,1706417100000,3.0,1706313600000
ETHUSDT,long,1706465160000,1706466060000,-1.0,1706400000000
ETHUSDT,long,1707413580000,1707479640000,3.0,1707350400000
ETHUSDT,long,1707937380000,1707957180000,3.0,1707868800000
ETHUSDT,long,1709564580000,1709640360000,3.0,1709510400000
ETHUSDT,short,1713086100000,1713132180000,-1.0,1713052800000
ETHUSDT,short,1714410180000,1714421520000,-1.0,1714348800000
ETHUSDT,short,1715700780000,1715766300000,-1.0,1715644800000
ETHUSDT,long,1717430400000,1717460280000,-1.0,1717372800000
ETHUSDT,short,1718024580000,1718032140000,-1.0,1717977600000
ETHUSDT,long,1719541080000,1719560700000,-1.0,1719532800000
ETHUSDT,short,1719928980000,1719976320000,3.0,1719878400000
ETHUSDT,long,1720451340000,1721010780000,3.0,1720396800000
ETHUSDT,long,1721046420000,1721071260000,3.0,1721001600000
ETHUSDT,long,1721224980000,1721231460000,-1.0,1721174400000
ETHUSDT,long,1721467980000,1721496600000,3.0,1721433600000
ETHUSDT,short,1721656980000,1721723400000,-1.0,1721606400000
ETHUSDT,short,1721776860000,1721855520000,3.0,1721692800000
ETHUSDT,short,1722956580000,1723040100000,3.0,1722902400000
ETHUSDT,short,1724230980000,1724249160000,-1.0,1724198400000
ETHUSDT,short,1725697080000,1725697800000,-1.0,1725667200000
ETHUSDT,long,1727024580000,1727042220000,-1.0,1726963200000
ETHUSDT,short,1727362980000,1727364780000,-1.0,1727308800000
ETHUSDT,long,1728320580000,1728324900000,-1.0,1728259200000
ETHUSDT,long,1729091880000,1729096380000,-1.0,1729036800000
ETHUSDT,long,1730318580000,1730318760000,-1.0,1730246400000
ETHUSDT,long,1730343780000,1730348460000,-1.0,1730332800000
ETHUSDT,short,1730728980000,1730757060000,3.0,1730678400000
ETHUSDT,short,1730800980000,1730816460000,-1.0,1730764800000
ETHUSDT,short,1734611220000,1734620760000,3.0,1734566400000
ETHUSDT,short,1734663780000,1734672960000,3.0,1734652800000
ETHUSDT,long,1736215380000,1736228520000,-1.0,1736208000000
ETHUSDT,short,1736533980000,1736728200000,-1.0,1736467200000
ETHUSDT,short,1737993780000,1738003320000,3.0,1737936000000
ETHUSDT,short,1738720980000,1738734840000,-1.0,1738713600000
ETHUSDT,short,1740211380000,1740214980000,-1.0,1740182400000
ETHUSDT,long,1740272580000,1740279240000,-1.0,1740268800000
ETHUSDT,short,1740528360000,1740578400000,3.0,1740528000000
ETHUSDT,short,1740643380000,1740652560000,-1.0,1740614400000
ETHUSDT,short,1741101660000,1741114980000,-1.0,1741046400000
ETHUSDT,short,1741701780000,1742306580000,0.110091,1741651200000
ETHUSDT,short,1742511780000,1742515380000,-1.0,1742428800000
ETHUSDT,short,1744119360000,1744129980000,3.0,1744070400000
ETHUSDT,long,1745590140000,1745713080000,3.0,1745539200000
ETHUSDT,short,1747616940000,1747674000000,-1.0,1747612800000
ETHUSDT,long,1748362680000,1748397780000,-1.0,1748304000000
ETHUSDT,short,1748790360000,1748792520000,-1.0,1748736000000
ETHUSDT,long,1748986200000,1748987640000,-1.0,1748908800000
ETHUSDT,long,1749103380000,1749105720000,-1.0,1749081600000
ETHUSDT,long,1749538980000,1749554100000,3.0,1749513600000
ETHUSDT,long,1749693780000,1749698280000,-1.0,1749686400000
ETHUSDT,short,1750295160000,1750405860000,-1.0,1750291200000
ETHUSDT,long,1752528960000,1752542280000,-1.0,1752451200000
ETHUSDT,long,1754535780000,1754553600000,3.0,1754524800000
ETHUSDT,long,1754751780000,1755012780000,3.0,1754697600000
ETHUSDT,short,1755612360000,1755622080000,3.0,1755561600000
ETHUSDT,short,1756854180000,1756865880000,-1.0,1756771200000
ETHUSDT,short,1757473380000,1757489220000,-1.0,1757462400000
ETHUSDT,short,1758096180000,1758119220000,3.0,1758067200000
ETHUSDT,short,1758892320000,1758894480000,-1.0,1758844800000
ETHUSDT,long,1759155300000,1759429980000,3.0,1759104000000
ETHUSDT,short,1760259780000,1760263200000,-1.0,1760227200000
ETHUSDT,short,1762376580000,1762443540000,3.0,1762300800000
ETHUSDT,long,1762736580000,1762786260000,-1.0,1762732800000
ETHUSDT,short,1763216460000,1763227080000,-1.0,1763164800000
ETHUSDT,short,1763647380000,1763665200000,3.0,1763596800000
ETHUSDT,short,1764640980000,1764672660000,-1.0,1764633600000
ETHUSDT,long,1765223640000,1765297800000,3.0,1765152000000
ETHUSDT,long,1766372940000,1766434500000,-1.0,1766361600000
ETHUSDT,long,1767596580000,1767644820000,3.0,1767571200000
ETHUSDT,long,1768539780000,1768577580000,-1.0,1768521600000
ETHUSDT,long,1768690980000,1768745700000,3.0,1768608000000
ETHUSDT,long,1769617800000,1769653800000,-1.0,1769558400000
ETHUSDT,short,1770739020000,1770744600000,-1.0,1770681600000
ETHUSDT,short,1771894980000,1771895700000,3.0,1771891200000
ETHUSDT,long,1773274320000,1773277380000,-1.0,1773273600000
ETHUSDT,long,1774954080000,1774965060000,3.0,1774915200000
ETHUSDT,long,1775881980000,1775884320000,-1.0,1775865600000
ETHUSDT,long,1776470580000,1776472380000,-1.0,1776470400000
ETHUSDT,short,1776651300000,1776669480000,-1.0,1776643200000
ETHUSDT,short,1779152580000,1779326100000,-1.0,1779148800000
ETHUSDT,short,1779386760000,1779475500000,3.0,1779321600000
ETHUSDT,short,1780696980000,1780718580000,3.0,1780617600000
ETHUSDT,short,1781834940000,1781838900000,3.0,1781827200000
ETHUSDT,long,1782165780000,1782167220000,-1.0,1782086400000
ETHUSDT,short,1782234180000,1782264600000,-1.0,1782172800000
ETHUSDT,long,1782810180000,1782818640000,-1.0,1782777600000
SOLUSDT,long,1659014640000,1659040380000,3.0,1658966400000
SOLUSDT,short,1659593880000,1659620700000,-1.0,1659571200000
SOLUSDT,long,1660000140000,1660009320000,-1.0,1659916800000
SOLUSDT,short,1660572900000,1660579020000,-1.0,1660521600000
SOLUSDT,short,1660615380000,1660648140000,-1.0,1660608000000
SOLUSDT,short,1660860720000,1660864680000,3.0,1660780800000
SOLUSDT,short,1660916340000,1660919400000,-1.0,1660867200000
SOLUSDT,short,1662552360000,1662555600000,-1.0,1662508800000
SOLUSDT,long,1663031700000,1663040880000,3.0,1663027200000
SOLUSDT,long,1663226280000,1663254900000,-1.0,1663200000000
SOLUSDT,short,1664204940000,1664215560000,-1.0,1664150400000
SOLUSDT,long,1666879560000,1666888020000,-1.0,1666828800000
SOLUSDT,long,1667121120000,1667123100000,-1.0,1667088000000
SOLUSDT,short,1671894180000,1671899040000,-1.0,1671840000000
SOLUSDT,long,1672528680000,1672548480000,-1.0,1672444800000
SOLUSDT,short,1674105840000,1674133740000,3.0,1674086400000
SOLUSDT,short,1676060100000,1676064780000,3.0,1675987200000
SOLUSDT,long,1676210940000,1676214720000,3.0,1676160000000
SOLUSDT,long,1676415960000,1676423880000,-1.0,1676332800000
SOLUSDT,long,1676773980000,1676786040000,3.0,1676764800000
SOLUSDT,short,1677787560000,1677806280000,3.0,1677715200000
SOLUSDT,long,1678753620000,1678778820000,-1.0,1678752000000
SOLUSDT,long,1679368140000,1679382360000,-1.0,1679356800000
SOLUSDT,short,1679594580000,1679678280000,3.0,1679529600000
SOLUSDT,short,1679965380000,1679967540000,-1.0,1679961600000
SOLUSDT,short,1680228900000,1680271740000,-1.0,1680220800000
SOLUSDT,short,1680739380000,1680777360000,3.0,1680739200000
SOLUSDT,short,1681009380000,1681042860000,-1.0,1680998400000
SOLUSDT,short,1681661160000,1681664400000,-1.0,1681603200000
SOLUSDT,long,1681732980000,1681745760000,-1.0,1681689600000
SOLUSDT,long,1682751960000,1682772660000,3.0,1682726400000
SOLUSDT,long,1683219780000,1683224100000,-1.0,1683158400000
SOLUSDT,short,1685559780000,1685571480000,-1.0,1685491200000
SOLUSDT,short,1686064500000,1686072420000,-1.0,1686009600000
SOLUSDT,short,1686565440000,1686657780000,-1.0,1686528000000
SOLUSDT,long,1687594680000,1687619700000,-1.0,1687564800000
SOLUSDT,long,1687702860000,1687705200000,-1.0,1687651200000
SOLUSDT,long,1687730760000,1687741020000,-1.0,1687651200000
SOLUSDT,long,1689527340000,1689532020000,-1.0,1689465600000
SOLUSDT,long,1689815340000,1689863760000,-1.0,1689811200000
SOLUSDT,long,1691179380000,1691181360000,-1.0,1691107200000
SOLUSDT,long,1691892900000,1691903700000,-1.0,1691884800000
SOLUSDT,short,1692212580000,1692217620000,3.0,1692144000000
SOLUSDT,short,1692785160000,1692796140000,3.0,1692748800000
SOLUSDT,long,1693159740000,1693183860000,-1.0,1693094400000
SOLUSDT,short,1693469160000,1693480860000,-1.0,1693440000000
SOLUSDT,short,1693652940000,1693668420000,-1.0,1693612800000
SOLUSDT,long,1693969380000,1693971720000,-1.0,1693958400000
SOLUSDT,long,1694743380000,1694799180000,-1.0,1694736000000
SOLUSDT,long,1695194460000,1695199860000,3.0,1695168000000
SOLUSDT,long,1695240180000,1695276360000,-1.0,1695168000000
SOLUSDT,short,1696878180000,1696947120000,-1.0,1696809600000
SOLUSDT,short,1697022900000,1697074740000,3.0,1696982400000
SOLUSDT,long,1697942160000,1697959620000,-1.0,1697932800000
SOLUSDT,long,1698768360000,1698795000000,3.0,1698710400000
SOLUSDT,long,1699691580000,1699708680000,3.0,1699660800000
SOLUSDT,long,1699876980000,1699877880000,-1.0,1699833600000
SOLUSDT,long,1700071920000,1700079840000,3.0,1700006400000
SOLUSDT,long,1701295380000,1701324900000,3.0,1701216000000
SOLUSDT,short,1701730980000,1701737100000,-1.0,1701648000000
SOLUSDT,long,1701904680000,1701906660000,-1.0,1701820800000
SOLUSDT,long,1702562580000,1702895580000,-1.0,1702512000000
SOLUSDT,long,1703563380000,1703568780000,-1.0,1703548800000
SOLUSDT,long,1703581380000,1703605860000,-1.0,1703548800000
SOLUSDT,short,1704707280000,1704714480000,-1.0,1704672000000
SOLUSDT,short,1705932360000,1705951080000,3.0,1705881600000
SOLUSDT,long,1706900580000,1706967360000,-1.0,1706832000000
SOLUSDT,short,1707184980000,1707186060000,-1.0,1707177600000
SOLUSDT,long,1707962580000,1707974460000,-1.0,1707955200000
SOLUSDT,short,1708219440000,1708247340000,-1.0,1708214400000
SOLUSDT,long,1708311600000,1708313220000,-1.0,1708300800000
SOLUSDT,short,1708432020000,1708439940000,3.0,1708387200000
SOLUSDT,long,1709618580000,1709667360000,-1.0,1709596800000
SOLUSDT,long,1710634140000,1710838080000,-1.0,1710633600000
SOLUSDT,short,1713122460000,1713125160000,-1.0,1713052800000
SOLUSDT,short,1713128580000,1713132000000,-1.0,1713052800000
SOLUSDT,short,1713232980000,1713283740000,3.0,1713225600000
SOLUSDT,short,1714583520000,1714585860000,-1.0,1714521600000
SOLUSDT,long,1715659560000,1715666940000,-1.0,1715644800000
SOLUSDT,long,1716044580000,1716048540000,-1.0,1715990400000
SOLUSDT,short,1716143040000,1716171480000,-1.0,1716076800000
SOLUSDT,long,1716987960000,1717050240000,-1.0,1716940800000
SOLUSDT,short,1718334360000,1718343000000,-1.0,1718323200000
SOLUSDT,short,1718402760000,1718428140000,-1.0,1718323200000
SOLUSDT,short,1718821800000,1718848980000,3.0,1718755200000
SOLUSDT,short,1720198980000,1720225980000,-1.0,1720137600000
SOLUSDT,long,1721203560000,1721204280000,-1.0,1721174400000
SOLUSDT,long,1721265660000,1721318580000,-1.0,1721260800000
SOLUSDT,long,1721590200000,1721875320000,-1.0,1721520000000
SOLUSDT,short,1722560580000,1722610800000,3.0,1722556800000
SOLUSDT,short,1723802760000,1723811400000,3.0,1723766400000
SOLUSDT,long,1724630580000,1724637060000,-1.0,1724630400000
SOLUSDT,short,1726504560000,1726552260000,-1.0,1726444800000
SOLUSDT,long,1727396280000,1727737200000,-1.0,1727395200000
SOLUSDT,short,1727766900000,1727780400000,-1.0,1727740800000
SOLUSDT,long,1729645380000,1729652400000,-1.0,1729641600000
SOLUSDT,long,1730138940000,1730313900000,-1.0,1730073600000
SOLUSDT,long,1730941560000,1730995200000,3.0,1730937600000
SOLUSDT,long,1731024180000,1731215160000,3.0,1731024000000
SOLUSDT,long,1732241160000,1732301460000,-1.0,1732233600000
SOLUSDT,long,1732933800000,1732978800000,-1.0,1732924800000
SOLUSDT,short,1733792580000,1733800680000,3.0,1733788800000
SOLUSDT,short,1733843880000,1733889060000,-1.0,1733788800000
SOLUSDT,short,1734538500000,1734552360000,3.0,1734480000000
SOLUSDT,long,1735981380000,1735985160000,-1.0,1735948800000
SOLUSDT,short,1736439480000,1736444880000,3.0,1736380800000
SOLUSDT,long,1737576180000,1737596700000,-1.0,1737504000000
SOLUSDT,short,1738738980000,1738855800000,3.0,1738713600000
SOLUSDT,short,1739758140000,1739765880000,3.0,1739750400000
SOLUSDT,short,1740212100000,1740217500000,-1.0,1740182400000
SOLUSDT,short,1741575780000,1741598100000,-1.0,1741564800000
SOLUSDT,short,1741703040000,1741710600000,-1.0,1741651200000
SOLUSDT,short,1743783840000,1743785640000,-1.0,1743724800000
SOLUSDT,short,1744160940000,1744179120000,-1.0,1744156800000
SOLUSDT,long,1744859160000,1744860240000,-1.0,1744848000000
SOLUSDT,long,1745251920000,1745253720000,-1.0,1745193600000
SOLUSDT,short,1746427500000,1746441180000,3.0,1746403200000
SOLUSDT,long,1747069560000,1747071900000,-1.0,1747008000000
SOLUSDT,short,1747497780000,1747543500000,-1.0,1747440000000
SOLUSDT,short,1750294980000,1750406580000,-1.0,1750291200000
SOLUSDT,short,1751029380000,1751032620000,-1.0,1750982400000
SOLUSDT,long,1751511780000,1751555160000,-1.0,1751500800000
SOLUSDT,short,1751688180000,1751721840000,-1.0,1751673600000
SOLUSDT,long,1753255080000,1753256340000,-1.0,1753228800000
SOLUSDT,long,1753545780000,1753549560000,-1.0,1753488000000
SOLUSDT,short,1753862580000,1753902180000,3.0,1753833600000
SOLUSDT,short,1754053380000,1754056440000,3.0,1754006400000
SOLUSDT,short,1754107380000,1754109360000,-1.0,1754092800000
SOLUSDT,long,1754371620000,1754379180000,-1.0,1754352000000
SOLUSDT,long,1754751780000,1754811720000,-1.0,1754697600000
SOLUSDT,long,1754860140000,1754910180000,-1.0,1754784000000
SOLUSDT,long,1755457740000,1755476280000,-1.0,1755388800000
SOLUSDT,long,1756343880000,1756368000000,3.0,1756339200000
SOLUSDT,long,1756638180000,1756638900000,-1.0,1756598400000
SOLUSDT,short,1757053260000,1757055600000,-1.0,1757030400000
SOLUSDT,long,1757376180000,1757377260000,-1.0,1757376000000
SOLUSDT,long,1757597220000,1757654460000,3.0,1757548800000
SOLUSDT,long,1757851560000,1757854260000,-1.0,1757808000000
SOLUSDT,long,1757901780000,1757921400000,-1.0,1757894400000
SOLUSDT,short,1758855780000,1758890160000,-1.0,1758844800000
SOLUSDT,short,1758901140000,1758902940000,-1.0,1758844800000
SOLUSDT,long,1759504680000,1759589820000,-1.0,1759449600000
SOLUSDT,long,1759802940000,1759818960000,-1.0,1759795200000
SOLUSDT,short,1760274180000,1760280300000,-1.0,1760227200000
SOLUSDT,long,1761656580000,1761662700000,-1.0,1761609600000
SOLUSDT,short,1762266420000,1762267320000,-1.0,1762214400000
SOLUSDT,short,1763338680000,1763339220000,-1.0,1763337600000
SOLUSDT,short,1763391780000,1763401500000,3.0,1763337600000
SOLUSDT,short,1763590860000,1763593380000,-1.0,1763510400000
SOLUSDT,short,1764921780000,1764946260000,3.0,1764892800000
SOLUSDT,short,1764950580000,1765117980000,3.0,1764892800000
SOLUSDT,long,1765151820000,1765190520000,3.0,1765065600000
SOLUSDT,long,1765216980000,1765220040000,-1.0,1765152000000
SOLUSDT,long,1765804680000,1765810080000,-1.0,1765756800000
SOLUSDT,short,1767827160000,1767828060000,-1.0,1767744000000
SOLUSDT,long,1768255740000,1768272120000,-1.0,1768176000000
SOLUSDT,short,1769034420000,1769178600000,3.0,1768953600000
SOLUSDT,short,1769786640000,1769790420000,-1.0,1769731200000
SOLUSDT,short,1770738480000,1770794100000,3.0,1770681600000
SOLUSDT,short,1770992100000,1770993000000,-1.0,1770940800000
SOLUSDT,long,1772100180000,1772104500000,-1.0,1772064000000
SOLUSDT,long,1772669880000,1772674380000,-1.0,1772668800000
SOLUSDT,long,1773673380000,1773696960000,3.0,1773619200000
SOLUSDT,short,1774224360000,1774234800000,-1.0,1774224000000
SOLUSDT,short,1774981620000,1775004660000,-1.0,1774915200000
SOLUSDT,long,1775078820000,1775079360000,-1.0,1775001600000
SOLUSDT,long,1776426840000,1776501360000,-1.0,1776384000000
SOLUSDT,long,1778211180000,1778261400000,3.0,1778198400000
SOLUSDT,long,1778335380000,1778338260000,-1.0,1778284800000
SOLUSDT,long,1778473440000,1778479740000,3.0,1778457600000
SOLUSDT,long,1778511780000,1778515740000,3.0,1778457600000
SOLUSDT,short,1778745780000,1778769900000,-1.0,1778716800000
SOLUSDT,short,1780039980000,1780046280000,-1.0,1780012800000
SOLUSDT,short,1780668180000,1780870320000,-1.0,1780617600000
SOLUSDT,long,1782032580000,1782060660000,3.0,1782000000000
SOLUSDT,long,1782482580000,1782863820000,1.486408,1782432000000
XRPUSDT,short,1658768580000,1658821680000,3.0,1658707200000
XRPUSDT,short,1658941380000,1658944800000,-1.0,1658880000000
XRPUSDT,short,1661563620000,1662168420000,0.597766,1661558400000
XRPUSDT,short,1662170580000,1662267420000,-1.0,1662163200000
XRPUSDT,long,1662832980000,1662877800000,-1.0,1662768000000
XRPUSDT,long,1662930180000,1662932880000,-1.0,1662854400000
XRPUSDT,short,1663162560000,1663183620000,-1.0,1663113600000
XRPUSDT,long,1663684020000,1663687440000,3.0,1663632000000
XRPUSDT,long,1663732980000,1663741440000,-1.0,1663718400000
XRPUSDT,long,1664075340000,1664107200000,3.0,1664064000000
XRPUSDT,long,1665228240000,1665269280000,-1.0,1665187200000
XRPUSDT,short,1665579960000,1665588240000,-1.0,1665532800000
XRPUSDT,short,1666231380000,1666267380000,-1.0,1666224000000
XRPUSDT,short,1666273320000,1666288980000,3.0,1666224000000
XRPUSDT,long,1666736820000,1666829520000,3.0,1666656000000
XRPUSDT,short,1666929240000,1666963980000,-1.0,1666915200000
XRPUSDT,long,1667620980000,1667636100000,-1.0,1667606400000
XRPUSDT,short,1668636360000,1668638880000,-1.0,1668556800000
XRPUSDT,short,1669039380000,1669052340000,-1.0,1668988800000
XRPUSDT,short,1671503040000,1671511320000,-1.0,1671494400000
XRPUSDT,long,1672722720000,1672759080000,-1.0,1672704000000
XRPUSDT,long,1672848180000,1672911900000,-1.0,1672790400000
XRPUSDT,long,1674564300000,1674567540000,-1.0,1674518400000
XRPUSDT,short,1675753380000,1675764000000,-1.0,1675728000000
XRPUSDT,long,1675828980000,1675845900000,-1.0,1675814400000
XRPUSDT,short,1676332980000,1676386080000,-1.0,1676332800000
XRPUSDT,long,1676512440000,1676555280000,-1.0,1676505600000
XRPUSDT,short,1677382020000,1677437280000,-1.0,1677369600000
XRPUSDT,long,1677690180000,1677722040000,-1.0,1677628800000
XRPUSDT,long,1678314780000,1678315500000,-1.0,1678233600000
XRPUSDT,short,1678457700000,1678498740000,-1.0,1678406400000
XRPUSDT,short,1678583880000,1678607280000,3.0,1678579200000
XRPUSDT,short,1678939560000,1678943520000,-1.0,1678924800000
XRPUSDT,long,1679274540000,1679280120000,-1.0,1679270400000
XRPUSDT,long,1679508360000,1679509980000,-1.0,1679443200000
XRPUSDT,long,1679789700000,1679821380000,3.0,1679788800000
XRPUSDT,long,1679975280000,1680003360000,3.0,1679961600000
XRPUSDT,long,1680097860000,1680102000000,-1.0,1680048000000
XRPUSDT,long,1680201720000,1680330420000,-1.0,1680134400000
XRPUSDT,short,1683425700000,1683503640000,3.0,1683417600000
XRPUSDT,long,1684562580000,1684683720000,-1.0,1684540800000
XRPUSDT,short,1684801080000,1684802700000,-1.0,1684800000000
XRPUSDT,short,1684809360000,1684811880000,-1.0,1684800000000
XRPUSDT,long,1685711340000,1685892420000,3.0,1685664000000
XRPUSDT,long,1685924640000,1685927520000,-1.0,1685923200000
XRPUSDT,short,1686034980000,1686070260000,-1.0,1686009600000
XRPUSDT,short,1686860100000,1686863520000,-1.0,1686787200000
XRPUSDT,short,1688169780000,1688263920000,-1.0,1688169600000
XRPUSDT,long,1688302980000,1688553360000,-1.0,1688256000000
XRPUSDT,short,1688684940000,1688832000000,-1.0,1688601600000
XRPUSDT,long,1689700500000,1689732540000,3.0,1689638400000
XRPUSDT,long,1689839640000,1689843600000,-1.0,1689811200000
XRPUSDT,short,1690104060000,1690135020000,-1.0,1690070400000
XRPUSDT,short,1692914580000,1692928620000,-1.0,1692835200000
XRPUSDT,short,1693634580000,1693663740000,-1.0,1693612800000
XRPUSDT,short,1694538900000,1694590740000,-1.0,1694476800000
XRPUSDT,short,1696961160000,1696964220000,-1.0,1696896000000
XRPUSDT,long,1697253120000,1697262660000,-1.0,1697241600000
XRPUSDT,long,1698134580000,1698149160000,3.0,1698105600000
XRPUSDT,long,1698253920000,1698300180000,-1.0,1698192000000
XRPUSDT,long,1699102980000,1699106040000,-1.0,1699056000000
XRPUSDT,short,1699894980000,1699908300000,-1.0,1699833600000
XRPUSDT,short,1700067780000,1700074440000,-1.0,1700006400000
XRPUSDT,short,1700648460000,1700676000000,-1.0,1700611200000
XRPUSDT,long,1701219780000,1701268380000,-1.0,1701216000000
XRPUSDT,long,1701576180000,1701599220000,3.0,1701561600000
XRPUSDT,long,1703752380000,1703768400000,-1.0,1703721600000
XRPUSDT,long,1704202920000,1704205800000,-1.0,1704153600000
XRPUSDT,short,1704489120000,1704495780000,-1.0,1704412800000
XRPUSDT,short,1704558600000,1704665160000,3.0,1704499200000
XRPUSDT,short,1705626180000,1705681260000,3.0,1705622400000
XRPUSDT,short,1706731380000,1706750460000,3.0,1706659200000
XRPUSDT,long,1707663780000,1707676200000,-1.0,1707609600000
XRPUSDT,long,1709431380000,1709433000000,-1.0,1709424000000
XRPUSDT,long,1709629740000,1709654580000,-1.0,1709596800000
XRPUSDT,short,1710734580000,1710739440000,-1.0,1710720000000
XRPUSDT,short,1712091780000,1712104560000,3.0,1712016000000
XRPUSDT,long,1712365920000,1712496960000,3.0,1712361600000
XRPUSDT,short,1712986560000,1713027600000,3.0,1712966400000
XRPUSDT,short,1713087540000,1713132360000,-1.0,1713052800000
XRPUSDT,short,1713519000000,1713542400000,-1.0,1713484800000
XRPUSDT,long,1713803400000,1713968640000,-1.0,1713744000000
XRPUSDT,short,1714512240000,1714534560000,-1.0,1714435200000
XRPUSDT,long,1715090580000,1715115060000,-1.0,1715040000000
XRPUSDT,long,1716646680000,1716738300000,-1.0,1716595200000
XRPUSDT,long,1717766640000,1717778700000,-1.0,1717718400000
XRPUSDT,long,1718586540000,1718586900000,-1.0,1718582400000
XRPUSDT,long,1724551380000,1724569380000,-1.0,1724544000000
XRPUSDT,long,1725348060000,1725370560000,-1.0,1725321600000
XRPUSDT,short,1725717960000,1725721380000,-1.0,1725667200000
XRPUSDT,short,1726063380000,1726074180000,-1.0,1726012800000
XRPUSDT,long,1726786980000,1726791840000,-1.0,1726704000000
XRPUSDT,short,1728001620000,1728007740000,-1.0,1728000000000
XRPUSDT,short,1728011160000,1728018540000,-1.0,1728000000000
XRPUSDT,long,1729008540000,1729588860000,-1.0,1728950400000
XRPUSDT,short,1729623780000,1729700460000,3.0,1729555200000
XRPUSDT,short,1729976580000,1730000880000,-1.0,1729900800000
XRPUSDT,long,1731874140000,1731875400000,-1.0,1731801600000
XRPUSDT,long,1733072580000,1733080500000,3.0,1733011200000
XRPUSDT,long,1733281560000,1733327460000,-1.0,1733270400000
XRPUSDT,short,1734930720000,1734986340000,-1.0,1734912000000
XRPUSDT,long,1735010640000,1735055100000,3.0,1734998400000
XRPUSDT,short,1736100360000,1736101800000,-1.0,1736035200000
XRPUSDT,long,1736989560000,1737326880000,-1.0,1736985600000
XRPUSDT,short,1738720980000,1738758240000,-1.0,1738713600000
XRPUSDT,short,1738841580000,1738856160000,3.0,1738800000000
XRPUSDT,long,1738969380000,1739072160000,3.0,1738886400000
XRPUSDT,short,1741587300000,1741598100000,-1.0,1741564800000
XRPUSDT,long,1742529780000,1742535360000,-1.0,1742515200000
XRPUSDT,short,1743293160000,1743296580000,-1.0,1743292800000
XRPUSDT,short,1743736140000,1743751980000,-1.0,1743724800000
XRPUSDT,short,1744122060000,1744132680000,3.0,1744070400000
XRPUSDT,short,1744196580000,1744205940000,-1.0,1744156800000
XRPUSDT,long,1747015920000,1747051920000,3.0,1747008000000
XRPUSDT,long,1747113840000,1747318500000,-1.0,1747094400000
XRPUSDT,long,1747850940000,1747904760000,3.0,1747785600000
XRPUSDT,short,1748689740000,1748695500000,-1.0,1748649600000
XRPUSDT,long,1749049380000,1749065220000,-1.0,1748995200000
XRPUSDT,short,1750971780000,1750985640000,3.0,1750896000000
XRPUSDT,long,1752908580000,1752923520000,-1.0,1752883200000
XRPUSDT,short,1753897680000,1753902360000,3.0,1753833600000
XRPUSDT,short,1755241380000,1755269640000,3.0,1755216000000
XRPUSDT,short,1755785160000,1755833940000,3.0,1755734400000
XRPUSDT,long,1757127780000,1757149740000,-1.0,1757116800000
XRPUSDT,long,1759024980000,1759027320000,-1.0,1759017600000
XRPUSDT,long,1760922180000,1760944320000,3.0,1760918400000
XRPUSDT,long,1761095340000,1761110640000,-1.0,1761091200000
XRPUSDT,long,1761483060000,1761505200000,-1.0,1761436800000
XRPUSDT,short,1761811380000,1761826500000,3.0,1761782400000
XRPUSDT,short,1762300980000,1762305480000,3.0,1762300800000
XRPUSDT,short,1763647380000,1763657640000,3.0,1763596800000
XRPUSDT,short,1764986760000,1764990360000,-1.0,1764979200000
XRPUSDT,long,1767767040000,1767778380000,-1.0,1767744000000
XRPUSDT,long,1769626260000,1769649840000,-1.0,1769558400000
XRPUSDT,short,1770053940000,1770086340000,3.0,1769990400000
XRPUSDT,short,1770336180000,1770342300000,-1.0,1770336000000
XRPUSDT,long,1770566760000,1770568740000,-1.0,1770508800000
XRPUSDT,short,1774580760000,1774600380000,3.0,1774569600000
XRPUSDT,long,1775012580000,1775025180000,3.0,1775001600000
XRPUSDT,short,1775197080000,1775219220000,-1.0,1775174400000
XRPUSDT,long,1776340980000,1776347640000,-1.0,1776297600000
XRPUSDT,short,1777408920000,1777432680000,-1.0,1777334400000
XRPUSDT,long,1777928580000,1777937760000,-1.0,1777852800000
XRPUSDT,long,1778335380000,1778338260000,-1.0,1778284800000
XRPUSDT,short,1778951880000,1779012000000,-1.0,1778889600000
XRPUSDT,short,1779077880000,1779218460000,3.0,1779062400000
XRPUSDT,short,1780039980000,1780043220000,-1.0,1780012800000
XRPUSDT,short,1780603380000,1780628220000,3.0,1780531200000
XRPUSDT,long,1781661780000,1781682660000,-1.0,1781654400000
