coin,tf,preset,mode,macd,RR,window,n,gross,net06,net04
BTCUSDT,15m,Normal,continuation,0,1.5,0,431,23.69,-52.26,-26.94
BTCUSDT,15m,Normal,continuation,0,1.5,1,424,-21.88,-113.57,-83.0
BTCUSDT,15m,Normal,continuation,0,1.5,2,439,20.22,-46.77,-24.44
BTCUSDT,15m,Normal,continuation,0,1.5,3,439,-8.22,-85.54,-59.77
BTCUSDT,15m,Normal,continuation,0,1.5,4,442,0.34,-77.24,-51.38
BTCUSDT,15m,Normal,continuation,0,2.5,0,322,9.38,-41.84,-24.77
BTCUSDT,15m,Normal,continuation,0,2.5,1,340,-16.09,-83.14,-60.79
BTCUSDT,15m,Normal,continuation,0,2.5,2,335,14.09,-35.49,-18.96
BTCUSDT,15m,Normal,continuation,0,2.5,3,343,3.78,-55.57,-35.79
BTCUSDT,15m,Normal,continuation,0,2.5,4,348,-8.44,-68.94,-48.77
BTCUSDT,15m,Normal,continuation,0,3.5,0,248,8.44,-30.98,-17.84
BTCUSDT,15m,Normal,continuation,0,3.5,1,285,-11.38,-66.31,-48.0
BTCUSDT,15m,Normal,continuation,0,3.5,2,269,10.72,-26.94,-14.39
BTCUSDT,15m,Normal,continuation,0,3.5,3,276,-15.69,-63.95,-47.86
BTCUSDT,15m,Normal,continuation,0,3.5,4,290,-0.32,-49.32,-32.98
BTCUSDT,15m,Normal,continuation,1,1.5,0,358,-9.09,-74.17,-52.48
BTCUSDT,15m,Normal,continuation,1,1.5,1,369,-27.12,-108.98,-81.7
BTCUSDT,15m,Normal,continuation,1,1.5,2,359,27.91,-29.08,-10.08
BTCUSDT,15m,Normal,continuation,1,1.5,3,352,2.94,-59.7,-38.82
BTCUSDT,15m,Normal,continuation,1,1.5,4,360,-12.59,-74.05,-53.57
BTCUSDT,15m,Normal,continuation,1,2.5,0,290,-3.69,-54.41,-37.5
BTCUSDT,15m,Normal,continuation,1,2.5,1,304,-27.59,-95.65,-72.96
BTCUSDT,15m,Normal,continuation,1,2.5,2,276,25.88,-15.56,-1.75
BTCUSDT,15m,Normal,continuation,1,2.5,3,296,-7.56,-60.83,-43.08
BTCUSDT,15m,Normal,continuation,1,2.5,4,305,-25.38,-77.37,-60.04
BTCUSDT,15m,Normal,continuation,1,3.5,0,234,0.47,-41.05,-27.21
BTCUSDT,15m,Normal,continuation,1,3.5,1,263,-35.88,-91.82,-73.17
BTCUSDT,15m,Normal,continuation,1,3.5,2,235,25.44,-9.7,2.02
BTCUSDT,15m,Normal,continuation,1,3.5,3,249,-10.94,-53.84,-39.54
BTCUSDT,15m,Normal,continuation,1,3.5,4,267,-26.16,-70.42,-55.66
BTCUSDT,15m,Normal,reversal,0,1.5,0,218,6.94,-30.73,-18.17
BTCUSDT,15m,Normal,reversal,0,1.5,1,231,-23.12,-81.44,-62.0
BTCUSDT,15m,Normal,reversal,0,1.5,2,206,16.38,-15.33,-4.76
BTCUSDT,15m,Normal,reversal,0,1.5,3,227,3.22,-40.2,-25.73
BTCUSDT,15m,Normal,reversal,0,1.5,4,212,-7.81,-42.91,-31.21
BTCUSDT,15m,Normal,reversal,0,2.5,0,201,-8.66,-43.86,-32.12
BTCUSDT,15m,Normal,reversal,0,2.5,1,222,-22.41,-77.76,-59.31
BTCUSDT,15m,Normal,reversal,0,2.5,2,183,10.88,-17.22,-7.85
BTCUSDT,15m,Normal,reversal,0,2.5,3,220,1.94,-39.63,-25.77
BTCUSDT,15m,Normal,reversal,0,2.5,4,195,-14.22,-45.89,-35.33
BTCUSDT,15m,Normal,reversal,0,3.5,0,181,-4.41,-35.57,-25.19
BTCUSDT,15m,Normal,reversal,0,3.5,1,188,-17.16,-64.25,-48.55
BTCUSDT,15m,Normal,reversal,0,3.5,2,170,12.59,-12.71,-4.28
BTCUSDT,15m,Normal,reversal,0,3.5,3,200,2.94,-34.86,-22.26
BTCUSDT,15m,Normal,reversal,0,3.5,4,187,-18.54,-49.16,-38.95
BTCUSDT,15m,Normal,reversal,1,1.5,0,128,7.91,-16.14,-8.12
BTCUSDT,15m,Normal,reversal,1,1.5,1,144,-7.47,-44.82,-32.37
BTCUSDT,15m,Normal,reversal,1,1.5,2,124,13.47,-6.1,0.42
BTCUSDT,15m,Normal,reversal,1,1.5,3,127,1.59,-23.33,-15.02
BTCUSDT,15m,Normal,reversal,1,1.5,4,136,-3.28,-26.5,-18.76
BTCUSDT,15m,Normal,reversal,1,2.5,0,126,1.19,-22.7,-14.73
BTCUSDT,15m,Normal,reversal,1,2.5,1,142,-4.5,-40.85,-28.73
BTCUSDT,15m,Normal,reversal,1,2.5,2,114,13.62,-4.13,1.79
BTCUSDT,15m,Normal,reversal,1,2.5,3,122,4.09,-19.49,-11.63
BTCUSDT,15m,Normal,reversal,1,2.5,4,132,1.44,-20.69,-13.31
BTCUSDT,15m,Normal,reversal,1,3.5,0,123,-6.06,-29.37,-21.6
BTCUSDT,15m,Normal,reversal,1,3.5,1,131,-2.25,-35.66,-24.52
BTCUSDT,15m,Normal,reversal,1,3.5,2,107,13.5,-2.42,2.89
BTCUSDT,15m,Normal,reversal,1,3.5,3,112,15.03,-6.9,0.41
BTCUSDT,15m,Normal,reversal,1,3.5,4,127,1.84,-19.28,-12.24
BTCUSDT,15m,VeryHigh,continuation,0,1.5,0,352,21.59,-42.04,-20.83
BTCUSDT,15m,VeryHigh,continuation,0,1.5,1,353,-23.91,-98.63,-73.72
BTCUSDT,15m,VeryHigh,continuation,0,1.5,2,343,28.97,-22.24,-5.17
BTCUSDT,15m,VeryHigh,continuation,0,1.5,3,336,26.03,-33.3,-13.52
BTCUSDT,15m,VeryHigh,continuation,0,1.5,4,334,17.62,-38.52,-19.8
BTCUSDT,15m,VeryHigh,continuation,0,2.5,0,273,13.03,-30.43,-15.94
BTCUSDT,15m,VeryHigh,continuation,0,2.5,1,291,-14.69,-75.59,-55.29
BTCUSDT,15m,VeryHigh,continuation,0,2.5,2,267,24.38,-13.78,-1.06
BTCUSDT,15m,VeryHigh,continuation,0,2.5,3,272,45.47,-2.31,13.61
BTCUSDT,15m,VeryHigh,continuation,0,2.5,4,277,3.41,-42.25,-27.03
BTCUSDT,15m,VeryHigh,continuation,0,3.5,0,205,24.25,-7.92,2.8
BTCUSDT,15m,VeryHigh,continuation,0,3.5,1,233,-22.28,-69.53,-53.78
BTCUSDT,15m,VeryHigh,continuation,0,3.5,2,212,20.31,-9.22,0.62
BTCUSDT,15m,VeryHigh,continuation,0,3.5,3,229,23.22,-16.45,-3.22
BTCUSDT,15m,VeryHigh,continuation,0,3.5,4,240,12.34,-25.69,-13.01
BTCUSDT,15m,VeryHigh,continuation,1,1.5,0,286,20.75,-35.9,-17.01
BTCUSDT,15m,VeryHigh,continuation,1,1.5,1,314,2.09,-69.23,-45.46
BTCUSDT,15m,VeryHigh,continuation,1,1.5,2,270,29.66,-11.79,2.03
BTCUSDT,15m,VeryHigh,continuation,1,1.5,3,297,14.53,-40.8,-22.36
BTCUSDT,15m,VeryHigh,continuation,1,1.5,4,298,10.5,-44.37,-26.08
BTCUSDT,15m,VeryHigh,continuation,1,2.5,0,248,13.56,-33.96,-18.12
BTCUSDT,15m,VeryHigh,continuation,1,2.5,1,276,-0.25,-62.76,-41.93
BTCUSDT,15m,VeryHigh,continuation,1,2.5,2,235,24.78,-10.67,1.15
BTCUSDT,15m,VeryHigh,continuation,1,2.5,3,260,17.78,-30.77,-14.59
BTCUSDT,15m,VeryHigh,continuation,1,2.5,4,259,-2.56,-50.0,-34.19
BTCUSDT,15m,VeryHigh,continuation,1,3.5,0,206,7.31,-32.29,-19.09
BTCUSDT,15m,VeryHigh,continuation,1,3.5,1,253,-4.62,-59.77,-41.39
BTCUSDT,15m,VeryHigh,continuation,1,3.5,2,201,35.66,5.66,15.66
BTCUSDT,15m,VeryHigh,continuation,1,3.5,3,228,4.38,-38.46,-24.18
BTCUSDT,15m,VeryHigh,continuation,1,3.5,4,239,6.25,-35.74,-21.75
BTCUSDT,15m,VeryHigh,reversal,0,1.5,0,128,2.94,-17.5,-10.69
BTCUSDT,15m,VeryHigh,reversal,0,1.5,1,132,-14.28,-41.55,-32.46
BTCUSDT,15m,VeryHigh,reversal,0,1.5,2,115,0.94,-14.71,-9.5
BTCUSDT,15m,VeryHigh,reversal,0,1.5,3,147,-12.31,-37.66,-29.21
BTCUSDT,15m,VeryHigh,reversal,0,1.5,4,132,-0.06,-23.95,-15.98
BTCUSDT,15m,VeryHigh,reversal,0,2.5,0,121,-2.66,-21.43,-15.17
BTCUSDT,15m,VeryHigh,reversal,0,2.5,1,125,-28.69,-54.2,-45.7
BTCUSDT,15m,VeryHigh,reversal,0,2.5,2,114,-0.59,-15.94,-10.83
BTCUSDT,15m,VeryHigh,reversal,0,2.5,3,146,-19.16,-44.37,-35.96
BTCUSDT,15m,VeryHigh,reversal,0,2.5,4,130,1.66,-21.93,-14.07
BTCUSDT,15m,VeryHigh,reversal,0,3.5,0,118,-9.44,-27.76,-21.65
BTCUSDT,15m,VeryHigh,reversal,0,3.5,1,123,-35.66,-60.67,-52.34
BTCUSDT,15m,VeryHigh,reversal,0,3.5,2,113,-0.88,-16.07,-11.0
BTCUSDT,15m,VeryHigh,reversal,0,3.5,3,146,-15.38,-40.59,-32.18
BTCUSDT,15m,VeryHigh,reversal,0,3.5,4,130,6.0,-17.58,-9.72
BTCUSDT,15m,VeryHigh,reversal,1,1.5,0,42,-1.28,-7.98,-5.75
BTCUSDT,15m,VeryHigh,reversal,1,1.5,1,48,-2.09,-13.35,-9.6
BTCUSDT,15m,VeryHigh,reversal,1,1.5,2,44,-5.06,-10.98,-9.01
BTCUSDT,15m,VeryHigh,reversal,1,1.5,3,62,-2.03,-12.93,-9.3
BTCUSDT,15m,VeryHigh,reversal,1,1.5,4,54,10.44,0.28,3.67
BTCUSDT,15m,VeryHigh,reversal,1,2.5,0,41,-4.94,-11.52,-9.33
BTCUSDT,15m,VeryHigh,reversal,1,2.5,1,48,-1.88,-13.13,-9.38
BTCUSDT,15m,VeryHigh,reversal,1,2.5,2,44,-6.34,-12.27,-10.29
BTCUSDT,15m,VeryHigh,reversal,1,2.5,3,62,-1.19,-12.09,-8.46
BTCUSDT,15m,VeryHigh,reversal,1,2.5,4,54,11.16,1.0,4.39
BTCUSDT,15m,VeryHigh,reversal,1,3.5,0,41,-4.59,-11.18,-8.98
BTCUSDT,15m,VeryHigh,reversal,1,3.5,1,47,3.94,-7.11,-3.43
BTCUSDT,15m,VeryHigh,reversal,1,3.5,2,44,-5.56,-11.49,-9.51
BTCUSDT,15m,VeryHigh,reversal,1,3.5,3,62,2.19,-8.72,-5.08
BTCUSDT,15m,VeryHigh,reversal,1,3.5,4,54,15.22,5.06,8.45
BTCUSDT,1h,Normal,continuation,0,1.5,0,100,8.16,0.43,3.0
BTCUSDT,1h,Normal,continuation,0,1.5,1,119,-11.97,-22.75,-19.16
BTCUSDT,1h,Normal,continuation,0,1.5,2,111,19.94,12.52,14.99
BTCUSDT,1h,Normal,continuation,0,1.5,3,107,-13.69,-22.48,-19.55
BTCUSDT,1h,Normal,continuation,0,1.5,4,120,5.63,-3.92,-0.74
BTCUSDT,1h,Normal,continuation,0,2.5,0,75,12.75,7.03,8.94
BTCUSDT,1h,Normal,continuation,0,2.5,1,81,-4.69,-11.53,-9.25
BTCUSDT,1h,Normal,continuation,0,2.5,2,83,16.72,10.98,12.89
BTCUSDT,1h,Normal,continuation,0,2.5,3,87,-10.47,-17.42,-15.1
BTCUSDT,1h,Normal,continuation,0,2.5,4,91,6.31,-0.84,1.54
BTCUSDT,1h,Normal,continuation,0,3.5,0,51,13.19,9.18,10.51
BTCUSDT,1h,Normal,continuation,0,3.5,1,69,-6.31,-11.93,-10.06
BTCUSDT,1h,Normal,continuation,0,3.5,2,69,18.03,13.25,14.84
BTCUSDT,1h,Normal,continuation,0,3.5,3,58,-3.0,-7.52,-6.01
BTCUSDT,1h,Normal,continuation,0,3.5,4,69,4.78,-0.46,1.28
BTCUSDT,1h,Normal,continuation,1,1.5,0,85,16.97,10.0,12.32
BTCUSDT,1h,Normal,continuation,1,1.5,1,101,-4.19,-13.95,-10.7
BTCUSDT,1h,Normal,continuation,1,1.5,2,89,7.88,1.38,3.55
BTCUSDT,1h,Normal,continuation,1,1.5,3,98,-11.0,-19.45,-16.64
BTCUSDT,1h,Normal,continuation,1,1.5,4,99,2.66,-4.91,-2.39
BTCUSDT,1h,Normal,continuation,1,2.5,0,63,16.09,11.52,13.04
BTCUSDT,1h,Normal,continuation,1,2.5,1,69,-2.0,-7.91,-5.94
BTCUSDT,1h,Normal,continuation,1,2.5,2,68,11.03,5.89,7.6
BTCUSDT,1h,Normal,continuation,1,2.5,3,82,-6.03,-12.98,-10.66
BTCUSDT,1h,Normal,continuation,1,2.5,4,77,2.08,-3.71,-1.78
BTCUSDT,1h,Normal,continuation,1,3.5,0,53,18.28,14.3,15.63
BTCUSDT,1h,Normal,continuation,1,3.5,1,54,2.69,-1.95,-0.4
BTCUSDT,1h,Normal,continuation,1,3.5,2,60,7.0,2.55,4.04
BTCUSDT,1h,Normal,continuation,1,3.5,3,51,2.69,-1.58,-0.16
BTCUSDT,1h,Normal,continuation,1,3.5,4,67,-2.9,-7.79,-6.16
BTCUSDT,1h,Normal,reversal,0,1.5,0,56,6.03,1.45,2.97
BTCUSDT,1h,Normal,reversal,0,1.5,1,53,5.19,0.36,1.97
BTCUSDT,1h,Normal,reversal,0,1.5,2,48,11.19,8.13,9.15
BTCUSDT,1h,Normal,reversal,0,1.5,3,61,4.75,-0.41,1.31
BTCUSDT,1h,Normal,reversal,0,1.5,4,64,-1.25,-6.23,-4.57
BTCUSDT,1h,Normal,reversal,0,2.5,0,48,6.62,2.97,4.19
BTCUSDT,1h,Normal,reversal,0,2.5,1,46,4.72,0.55,1.94
BTCUSDT,1h,Normal,reversal,0,2.5,2,41,3.72,1.14,2.0
BTCUSDT,1h,Normal,reversal,0,2.5,3,58,7.69,2.86,4.47
BTCUSDT,1h,Normal,reversal,0,2.5,4,62,-1.28,-6.12,-4.51
BTCUSDT,1h,Normal,reversal,0,3.5,0,29,10.03,8.15,8.78
BTCUSDT,1h,Normal,reversal,0,3.5,1,43,1.62,-2.17,-0.91
BTCUSDT,1h,Normal,reversal,0,3.5,2,40,-1.31,-3.82,-2.98
BTCUSDT,1h,Normal,reversal,0,3.5,3,48,5.5,1.54,2.86
BTCUSDT,1h,Normal,reversal,0,3.5,4,56,-5.06,-9.47,-8.0
BTCUSDT,1h,Normal,reversal,1,1.5,0,29,-0.47,-3.06,-2.19
BTCUSDT,1h,Normal,reversal,1,1.5,1,24,5.72,2.98,3.89
BTCUSDT,1h,Normal,reversal,1,1.5,2,21,1.66,0.36,0.8
BTCUSDT,1h,Normal,reversal,1,1.5,3,32,2.75,0.05,0.95
BTCUSDT,1h,Normal,reversal,1,1.5,4,28,5.91,3.78,4.49
BTCUSDT,1h,Normal,reversal,1,2.5,0,27,-1.16,-3.53,-2.74
BTCUSDT,1h,Normal,reversal,1,2.5,1,22,7.34,4.79,5.64
BTCUSDT,1h,Normal,reversal,1,2.5,2,21,1.47,0.18,0.61
BTCUSDT,1h,Normal,reversal,1,2.5,3,32,2.75,0.05,0.95
BTCUSDT,1h,Normal,reversal,1,2.5,4,28,9.84,7.72,8.43
BTCUSDT,1h,Normal,reversal,1,3.5,0,24,-2.91,-4.63,-4.05
BTCUSDT,1h,Normal,reversal,1,3.5,1,20,5.34,3.0,3.78
BTCUSDT,1h,Normal,reversal,1,3.5,2,21,2.75,1.46,1.89
BTCUSDT,1h,Normal,reversal,1,3.5,3,29,-4.91,-7.38,-6.56
BTCUSDT,1h,Normal,reversal,1,3.5,4,27,11.34,9.31,9.99
BTCUSDT,1h,VeryHigh,continuation,0,1.5,0,84,4.09,-2.17,-0.08
BTCUSDT,1h,VeryHigh,continuation,0,1.5,1,96,-3.88,-12.11,-9.37
BTCUSDT,1h,VeryHigh,continuation,0,1.5,2,89,9.53,3.74,5.67
BTCUSDT,1h,VeryHigh,continuation,0,1.5,3,90,-6.72,-13.82,-11.46
BTCUSDT,1h,VeryHigh,continuation,0,1.5,4,95,-7.13,-14.68,-12.16
BTCUSDT,1h,VeryHigh,continuation,0,2.5,0,67,3.56,-1.13,0.43
BTCUSDT,1h,VeryHigh,continuation,0,2.5,1,62,1.47,-3.11,-1.59
BTCUSDT,1h,VeryHigh,continuation,0,2.5,2,71,9.47,4.72,6.31
BTCUSDT,1h,VeryHigh,continuation,0,2.5,3,73,-4.44,-9.85,-8.04
BTCUSDT,1h,VeryHigh,continuation,0,2.5,4,83,-10.11,-16.46,-14.34
BTCUSDT,1h,VeryHigh,continuation,0,3.5,0,50,5.62,2.37,3.45
BTCUSDT,1h,VeryHigh,continuation,0,3.5,1,58,-0.38,-4.61,-3.2
BTCUSDT,1h,VeryHigh,continuation,0,3.5,2,58,-0.12,-3.89,-2.64
BTCUSDT,1h,VeryHigh,continuation,0,3.5,3,51,1.06,-2.86,-1.56
BTCUSDT,1h,VeryHigh,continuation,0,3.5,4,67,0.88,-4.06,-2.41
BTCUSDT,1h,VeryHigh,continuation,1,1.5,0,74,8.16,2.43,4.34
BTCUSDT,1h,VeryHigh,continuation,1,1.5,1,77,-0.5,-7.24,-4.99
BTCUSDT,1h,VeryHigh,continuation,1,1.5,2,76,10.47,5.45,7.12
BTCUSDT,1h,VeryHigh,continuation,1,1.5,3,78,-5.38,-12.0,-9.79
BTCUSDT,1h,VeryHigh,continuation,1,1.5,4,77,-13.78,-19.92,-17.87
BTCUSDT,1h,VeryHigh,continuation,1,2.5,0,64,5.75,0.87,2.5
BTCUSDT,1h,VeryHigh,continuation,1,2.5,1,53,-1.09,-5.24,-3.86
BTCUSDT,1h,VeryHigh,continuation,1,2.5,2,63,9.94,5.71,7.12
BTCUSDT,1h,VeryHigh,continuation,1,2.5,3,66,-1.38,-6.71,-4.93
BTCUSDT,1h,VeryHigh,continuation,1,2.5,4,71,-16.86,-22.41,-20.56
BTCUSDT,1h,VeryHigh,continuation,1,3.5,0,53,11.75,7.9,9.18
BTCUSDT,1h,VeryHigh,continuation,1,3.5,1,45,1.66,-1.77,-0.63
BTCUSDT,1h,VeryHigh,continuation,1,3.5,2,56,6.69,2.85,4.13
BTCUSDT,1h,VeryHigh,continuation,1,3.5,3,45,3.69,-0.13,1.14
BTCUSDT,1h,VeryHigh,continuation,1,3.5,4,62,-8.9,-13.47,-11.95
BTCUSDT,1h,VeryHigh,reversal,0,1.5,0,29,3.22,1.18,1.86
BTCUSDT,1h,VeryHigh,reversal,0,1.5,1,28,7.78,5.27,6.11
BTCUSDT,1h,VeryHigh,reversal,0,1.5,2,32,2.31,0.22,0.92
BTCUSDT,1h,VeryHigh,reversal,0,1.5,3,32,5.0,2.31,3.21
BTCUSDT,1h,VeryHigh,reversal,0,1.5,4,32,-1.97,-4.71,-3.8
BTCUSDT,1h,VeryHigh,reversal,0,2.5,0,29,4.78,2.74,3.42
BTCUSDT,1h,VeryHigh,reversal,0,2.5,1,28,8.03,5.53,6.36
BTCUSDT,1h,VeryHigh,reversal,0,2.5,2,32,4.28,2.19,2.89
BTCUSDT,1h,VeryHigh,reversal,0,2.5,3,31,7.81,5.2,6.07
BTCUSDT,1h,VeryHigh,reversal,0,2.5,4,30,-4.56,-7.14,-6.28
BTCUSDT,1h,VeryHigh,reversal,0,3.5,0,25,1.12,-0.65,-0.06
BTCUSDT,1h,VeryHigh,reversal,0,3.5,1,26,9.88,7.6,8.36
BTCUSDT,1h,VeryHigh,reversal,0,3.5,2,31,5.81,3.82,4.49
BTCUSDT,1h,VeryHigh,reversal,0,3.5,3,26,10.06,7.84,8.58
BTCUSDT,1h,VeryHigh,reversal,0,3.5,4,29,-4.31,-6.83,-5.99
BTCUSDT,1h,VeryHigh,reversal,1,1.5,0,8,3.59,2.94,3.16
BTCUSDT,1h,VeryHigh,reversal,1,1.5,1,11,6.59,5.59,5.92
BTCUSDT,1h,VeryHigh,reversal,1,1.5,2,10,3.97,3.32,3.53
BTCUSDT,1h,VeryHigh,reversal,1,1.5,3,10,-0.78,-1.5,-1.26
BTCUSDT,1h,VeryHigh,reversal,1,1.5,4,13,-0.62,-1.65,-1.31
BTCUSDT,1h,VeryHigh,reversal,1,2.5,0,8,3.16,2.51,2.72
BTCUSDT,1h,VeryHigh,reversal,1,2.5,1,11,6.97,5.96,6.3
BTCUSDT,1h,VeryHigh,reversal,1,2.5,2,10,5.72,5.06,5.28
BTCUSDT,1h,VeryHigh,reversal,1,2.5,3,10,0.19,-0.53,-0.29
BTCUSDT,1h,VeryHigh,reversal,1,2.5,4,11,0.06,-0.8,-0.51
BTCUSDT,1h,VeryHigh,reversal,1,3.5,0,8,4.81,4.16,4.38
BTCUSDT,1h,VeryHigh,reversal,1,3.5,1,10,8.5,7.66,7.94
BTCUSDT,1h,VeryHigh,reversal,1,3.5,2,10,6.91,6.25,6.47
BTCUSDT,1h,VeryHigh,reversal,1,3.5,3,10,-1.06,-1.78,-1.54
BTCUSDT,1h,VeryHigh,reversal,1,3.5,4,11,2.22,1.36,1.64
BTCUSDT,4h,Normal,continuation,0,1.5,0,27,4.19,3.28,3.58
BTCUSDT,4h,Normal,continuation,0,1.5,1,21,-2.16,-3.04,-2.74
BTCUSDT,4h,Normal,continuation,0,1.5,2,27,0.59,-0.24,0.04
BTCUSDT,4h,Normal,continuation,0,1.5,3,28,1.94,0.89,1.24
BTCUSDT,4h,Normal,continuation,0,1.5,4,25,6.03,5.12,5.43
BTCUSDT,4h,Normal,continuation,0,2.5,0,17,6.59,5.99,6.19
BTCUSDT,4h,Normal,continuation,0,2.5,1,21,-1.56,-2.43,-2.14
BTCUSDT,4h,Normal,continuation,0,2.5,2,25,-4.59,-5.38,-5.12
BTCUSDT,4h,Normal,continuation,0,2.5,3,22,4.31,3.47,3.75
BTCUSDT,4h,Normal,continuation,0,2.5,4,18,1.66,1.03,1.24
BTCUSDT,4h,Normal,continuation,0,3.5,0,11,2.31,1.98,2.09
BTCUSDT,4h,Normal,continuation,0,3.5,1,18,-5.16,-5.93,-5.67
BTCUSDT,4h,Normal,continuation,0,3.5,2,23,-3.75,-4.46,-4.22
BTCUSDT,4h,Normal,continuation,0,3.5,3,18,0.53,-0.09,0.12
BTCUSDT,4h,Normal,continuation,0,3.5,4,16,-0.9,-1.42,-1.25
BTCUSDT,4h,Normal,continuation,1,1.5,0,23,-0.09,-0.91,-0.64
BTCUSDT,4h,Normal,continuation,1,1.5,1,16,-2.22,-2.91,-2.68
BTCUSDT,4h,Normal,continuation,1,1.5,2,24,0.84,0.07,0.33
BTCUSDT,4h,Normal,continuation,1,1.5,3,26,3.06,1.96,2.33
BTCUSDT,4h,Normal,continuation,1,1.5,4,21,6.0,5.22,5.48
BTCUSDT,4h,Normal,continuation,1,2.5,0,14,2.75,2.24,2.41
BTCUSDT,4h,Normal,continuation,1,2.5,1,13,-0.41,-0.89,-0.73
BTCUSDT,4h,Normal,continuation,1,2.5,2,23,-1.88,-2.62,-2.37
BTCUSDT,4h,Normal,continuation,1,2.5,3,23,-2.44,-3.43,-3.1
BTCUSDT,4h,Normal,continuation,1,2.5,4,14,2.14,1.67,1.83
BTCUSDT,4h,Normal,continuation,1,3.5,0,10,-0.16,-0.5,-0.38
BTCUSDT,4h,Normal,continuation,1,3.5,1,13,1.16,0.67,0.83
BTCUSDT,4h,Normal,continuation,1,3.5,2,20,-3.03,-3.66,-3.45
BTCUSDT,4h,Normal,continuation,1,3.5,3,22,-4.31,-5.24,-4.93
BTCUSDT,4h,Normal,continuation,1,3.5,4,12,0.68,0.3,0.43
BTCUSDT,4h,Normal,reversal,0,1.5,0,15,1.94,1.48,1.63
BTCUSDT,4h,Normal,reversal,0,1.5,1,7,2.69,2.4,2.49
BTCUSDT,4h,Normal,reversal,0,1.5,2,15,2.94,2.48,2.63
BTCUSDT,4h,Normal,reversal,0,1.5,3,16,6.56,5.88,6.11
BTCUSDT,4h,Normal,reversal,0,1.5,4,10,3.28,2.93,3.05
BTCUSDT,4h,Normal,reversal,0,2.5,0,11,0.31,0.03,0.12
BTCUSDT,4h,Normal,reversal,0,2.5,1,6,5.94,5.69,5.77
BTCUSDT,4h,Normal,reversal,0,2.5,2,13,1.38,0.98,1.11
BTCUSDT,4h,Normal,reversal,0,2.5,3,16,4.72,4.04,4.26
BTCUSDT,4h,Normal,reversal,0,2.5,4,10,6.75,6.4,6.52
BTCUSDT,4h,Normal,reversal,0,3.5,0,7,0.34,0.17,0.23
BTCUSDT,4h,Normal,reversal,0,3.5,1,1,0.16,0.13,0.14
BTCUSDT,4h,Normal,reversal,0,3.5,2,13,0.75,0.36,0.49
BTCUSDT,4h,Normal,reversal,0,3.5,3,14,2.28,1.69,1.88
BTCUSDT,4h,Normal,reversal,0,3.5,4,10,8.47,8.12,8.23
BTCUSDT,4h,Normal,reversal,1,1.5,0,10,2.31,1.92,2.05
BTCUSDT,4h,Normal,reversal,1,1.5,1,3,2.81,2.69,2.73
BTCUSDT,4h,Normal,reversal,1,1.5,2,9,5.69,5.42,5.51
BTCUSDT,4h,Normal,reversal,1,1.5,3,8,2.44,2.07,2.19
BTCUSDT,4h,Normal,reversal,1,1.5,4,7,5.31,5.04,5.13
BTCUSDT,4h,Normal,reversal,1,2.5,0,7,1.91,1.7,1.77
BTCUSDT,4h,Normal,reversal,1,2.5,1,2,3.12,3.03,3.06
BTCUSDT,4h,Normal,reversal,1,2.5,2,8,1.25,1.02,1.1
BTCUSDT,4h,Normal,reversal,1,2.5,3,8,0.44,0.07,0.19
BTCUSDT,4h,Normal,reversal,1,2.5,4,7,7.75,7.47,7.57
BTCUSDT,4h,Normal,reversal,1,3.5,0,7,-0.56,-0.77,-0.7
BTCUSDT,4h,Normal,reversal,1,3.5,1,1,2.19,2.14,2.16
BTCUSDT,4h,Normal,reversal,1,3.5,2,8,-0.62,-0.86,-0.78
BTCUSDT,4h,Normal,reversal,1,3.5,3,7,-1.47,-1.78,-1.68
BTCUSDT,4h,Normal,reversal,1,3.5,4,7,8.75,8.47,8.57
BTCUSDT,4h,VeryHigh,continuation,0,1.5,0,25,0.66,-0.2,0.09
BTCUSDT,4h,VeryHigh,continuation,0,1.5,1,19,1.53,0.73,1.0
BTCUSDT,4h,VeryHigh,continuation,0,1.5,2,26,1.59,0.72,1.01
BTCUSDT,4h,VeryHigh,continuation,0,1.5,3,27,4.62,3.55,3.91
BTCUSDT,4h,VeryHigh,continuation,0,1.5,4,21,2.28,1.47,1.74
BTCUSDT,4h,VeryHigh,continuation,0,2.5,0,17,2.09,1.51,1.71
BTCUSDT,4h,VeryHigh,continuation,0,2.5,1,17,0.59,-0.12,0.12
BTCUSDT,4h,VeryHigh,continuation,0,2.5,2,22,0.72,0.02,0.25
BTCUSDT,4h,VeryHigh,continuation,0,2.5,3,23,1.97,1.01,1.33
BTCUSDT,4h,VeryHigh,continuation,0,2.5,4,16,0.94,0.35,0.55
BTCUSDT,4h,VeryHigh,continuation,0,3.5,0,12,0.84,0.46,0.59
BTCUSDT,4h,VeryHigh,continuation,0,3.5,1,16,-1.56,-2.23,-2.01
BTCUSDT,4h,VeryHigh,continuation,0,3.5,2,19,-2.72,-3.33,-3.12
BTCUSDT,4h,VeryHigh,continuation,0,3.5,3,18,0.56,-0.16,0.08
BTCUSDT,4h,VeryHigh,continuation,0,3.5,4,16,1.79,1.21,1.4
BTCUSDT,4h,VeryHigh,continuation,1,1.5,0,21,0.34,-0.41,-0.16
BTCUSDT,4h,VeryHigh,continuation,1,1.5,1,14,1.19,0.55,0.76
BTCUSDT,4h,VeryHigh,continuation,1,1.5,2,21,3.69,3.02,3.25
BTCUSDT,4h,VeryHigh,continuation,1,1.5,3,21,6.06,5.2,5.48
BTCUSDT,4h,VeryHigh,continuation,1,1.5,4,17,3.38,2.73,2.95
BTCUSDT,4h,VeryHigh,continuation,1,2.5,0,11,3.59,3.19,3.33
BTCUSDT,4h,VeryHigh,continuation,1,2.5,1,13,2.0,1.42,1.61
BTCUSDT,4h,VeryHigh,continuation,1,2.5,2,19,1.16,0.56,0.76
BTCUSDT,4h,VeryHigh,continuation,1,2.5,3,20,3.28,2.44,2.72
BTCUSDT,4h,VeryHigh,continuation,1,2.5,4,12,1.81,1.39,1.53
BTCUSDT,4h,VeryHigh,continuation,1,3.5,0,8,3.44,3.16,3.25
BTCUSDT,4h,VeryHigh,continuation,1,3.5,1,12,1.69,1.15,1.33
BTCUSDT,4h,VeryHigh,continuation,1,3.5,2,18,-0.81,-1.37,-1.18
BTCUSDT,4h,VeryHigh,continuation,1,3.5,3,18,0.12,-0.65,-0.39
BTCUSDT,4h,VeryHigh,continuation,1,3.5,4,11,2.45,2.07,2.2
BTCUSDT,4h,VeryHigh,reversal,0,1.5,0,6,1.91,1.7,1.77
BTCUSDT,4h,VeryHigh,reversal,0,1.5,1,5,2.47,2.22,2.3
BTCUSDT,4h,VeryHigh,reversal,0,1.5,2,8,1.75,1.51,1.59
BTCUSDT,4h,VeryHigh,reversal,0,1.5,3,6,2.88,2.61,2.7
BTCUSDT,4h,VeryHigh,reversal,0,1.5,4,7,4.62,4.32,4.42
BTCUSDT,4h,VeryHigh,reversal,0,2.5,0,6,2.5,2.29,2.36
BTCUSDT,4h,VeryHigh,reversal,0,2.5,1,5,3.19,2.94,3.02
BTCUSDT,4h,VeryHigh,reversal,0,2.5,2,8,1.88,1.64,1.72
BTCUSDT,4h,VeryHigh,reversal,0,2.5,3,6,4.66,4.39,4.48
BTCUSDT,4h,VeryHigh,reversal,0,2.5,4,7,6.78,6.47,6.58
BTCUSDT,4h,VeryHigh,reversal,0,3.5,0,5,3.91,3.72,3.78
BTCUSDT,4h,VeryHigh,reversal,0,3.5,1,2,3.25,3.17,3.2
BTCUSDT,4h,VeryHigh,reversal,0,3.5,2,8,0.03,-0.2,-0.13
BTCUSDT,4h,VeryHigh,reversal,0,3.5,3,5,5.5,5.31,5.37
BTCUSDT,4h,VeryHigh,reversal,0,3.5,4,7,7.16,6.85,6.95
BTCUSDT,4h,VeryHigh,reversal,1,1.5,0,3,-0.28,-0.36,-0.33
BTCUSDT,4h,VeryHigh,reversal,1,1.5,1,2,-0.34,-0.42,-0.39
BTCUSDT,4h,VeryHigh,reversal,1,1.5,2,3,0.59,0.51,0.54
BTCUSDT,4h,VeryHigh,reversal,1,1.5,3,3,1.22,1.11,1.15
BTCUSDT,4h,VeryHigh,reversal,1,1.5,4,4,1.81,1.64,1.7
BTCUSDT,4h,VeryHigh,reversal,1,2.5,0,3,-0.03,-0.11,-0.08
BTCUSDT,4h,VeryHigh,reversal,1,2.5,1,2,-0.62,-0.7,-0.68
BTCUSDT,4h,VeryHigh,reversal,1,2.5,2,3,0.94,0.86,0.88
BTCUSDT,4h,VeryHigh,reversal,1,2.5,3,3,2.12,2.02,2.05
BTCUSDT,4h,VeryHigh,reversal,1,2.5,4,4,2.09,1.92,1.98
BTCUSDT,4h,VeryHigh,reversal,1,3.5,0,3,-0.47,-0.55,-0.52
BTCUSDT,4h,VeryHigh,reversal,1,3.5,1,2,-1.53,-1.61,-1.58
BTCUSDT,4h,VeryHigh,reversal,1,3.5,2,3,-0.47,-0.55,-0.52
BTCUSDT,4h,VeryHigh,reversal,1,3.5,3,3,2.25,2.14,2.18
BTCUSDT,4h,VeryHigh,reversal,1,3.5,4,4,1.72,1.54,1.6
ETHUSDT,15m,Normal,continuation,0,1.5,0,439,16.31,-36.5,-18.9
ETHUSDT,15m,Normal,continuation,0,1.5,1,444,-16.09,-102.48,-73.68
ETHUSDT,15m,Normal,continuation,0,1.5,2,438,19.41,-31.98,-14.85
ETHUSDT,15m,Normal,continuation,0,1.5,3,440,5.34,-38.88,-24.14
ETHUSDT,15m,Normal,continuation,0,1.5,4,431,-16.6,-68.14,-50.96
ETHUSDT,15m,Normal,continuation,0,2.5,0,347,6.09,-34.51,-20.97
ETHUSDT,15m,Normal,continuation,0,2.5,1,368,-30.94,-102.57,-78.69
ETHUSDT,15m,Normal,continuation,0,2.5,2,337,13.56,-24.63,-11.9
ETHUSDT,15m,Normal,continuation,0,2.5,3,350,0.53,-33.81,-22.36
ETHUSDT,15m,Normal,continuation,0,2.5,4,334,2.89,-35.69,-22.83
ETHUSDT,15m,Normal,continuation,0,3.5,0,220,2.75,-21.12,-13.16
ETHUSDT,15m,Normal,continuation,0,3.5,1,308,-25.22,-84.67,-64.85
ETHUSDT,15m,Normal,continuation,0,3.5,2,268,10.94,-19.08,-9.07
ETHUSDT,15m,Normal,continuation,0,3.5,3,294,-20.66,-48.36,-39.12
ETHUSDT,15m,Normal,continuation,0,3.5,4,277,2.02,-29.73,-19.15
ETHUSDT,15m,Normal,continuation,1,1.5,0,383,11.56,-35.98,-20.13
ETHUSDT,15m,Normal,continuation,1,1.5,1,392,2.47,-79.95,-52.48
ETHUSDT,15m,Normal,continuation,1,1.5,2,353,11.34,-31.68,-17.34
ETHUSDT,15m,Normal,continuation,1,1.5,3,379,-2.47,-42.1,-28.89
ETHUSDT,15m,Normal,continuation,1,1.5,4,358,-17.13,-60.81,-46.25
ETHUSDT,15m,Normal,continuation,1,2.5,0,320,-1.25,-40.96,-27.72
ETHUSDT,15m,Normal,continuation,1,2.5,1,332,-9.19,-75.04,-53.09
ETHUSDT,15m,Normal,continuation,1,2.5,2,278,17.78,-15.83,-4.63
ETHUSDT,15m,Normal,continuation,1,2.5,3,317,-0.72,-32.52,-21.92
ETHUSDT,15m,Normal,continuation,1,2.5,4,290,-4.88,-39.1,-27.69
ETHUSDT,15m,Normal,continuation,1,3.5,0,207,-17.62,-40.29,-32.74
ETHUSDT,15m,Normal,continuation,1,3.5,1,275,1.5,-52.55,-34.53
ETHUSDT,15m,Normal,continuation,1,3.5,2,218,26.62,1.41,9.81
ETHUSDT,15m,Normal,continuation,1,3.5,3,273,-16.72,-44.37,-35.16
ETHUSDT,15m,Normal,continuation,1,3.5,4,236,4.93,-22.14,-13.12
ETHUSDT,15m,Normal,reversal,0,1.5,0,215,6.28,-19.12,-10.65
ETHUSDT,15m,Normal,reversal,0,1.5,1,258,5.53,-49.95,-31.46
ETHUSDT,15m,Normal,reversal,0,1.5,2,228,3.0,-23.94,-14.96
ETHUSDT,15m,Normal,reversal,0,1.5,3,243,1.91,-22.67,-14.47
ETHUSDT,15m,Normal,reversal,0,1.5,4,208,10.59,-13.78,-5.65
ETHUSDT,15m,Normal,reversal,0,2.5,0,195,10.16,-13.28,-5.47
ETHUSDT,15m,Normal,reversal,0,2.5,1,228,4.38,-45.18,-28.66
ETHUSDT,15m,Normal,reversal,0,2.5,2,189,4.09,-18.41,-10.91
ETHUSDT,15m,Normal,reversal,0,2.5,3,221,-5.44,-27.61,-20.22
ETHUSDT,15m,Normal,reversal,0,2.5,4,192,13.66,-8.36,-1.02
ETHUSDT,15m,Normal,reversal,0,3.5,0,155,7.19,-9.44,-3.9
ETHUSDT,15m,Normal,reversal,0,3.5,1,206,0.06,-44.83,-29.86
ETHUSDT,15m,Normal,reversal,0,3.5,2,169,0.94,-19.17,-12.46
ETHUSDT,15m,Normal,reversal,0,3.5,3,188,-4.22,-22.9,-16.67
ETHUSDT,15m,Normal,reversal,0,3.5,4,157,29.01,10.86,16.91
ETHUSDT,15m,Normal,reversal,1,1.5,0,127,5.28,-11.08,-5.63
ETHUSDT,15m,Normal,reversal,1,1.5,1,164,12.66,-23.84,-11.67
ETHUSDT,15m,Normal,reversal,1,1.5,2,120,6.09,-8.5,-3.64
ETHUSDT,15m,Normal,reversal,1,1.5,3,139,6.19,-8.58,-3.66
ETHUSDT,15m,Normal,reversal,1,1.5,4,117,11.31,-2.74,1.95
ETHUSDT,15m,Normal,reversal,1,2.5,0,119,11.75,-3.88,1.33
ETHUSDT,15m,Normal,reversal,1,2.5,1,154,11.31,-23.22,-11.71
ETHUSDT,15m,Normal,reversal,1,2.5,2,108,9.78,-3.23,1.11
ETHUSDT,15m,Normal,reversal,1,2.5,3,132,11.47,-2.64,2.06
ETHUSDT,15m,Normal,reversal,1,2.5,4,113,22.16,8.62,13.14
ETHUSDT,15m,Normal,reversal,1,3.5,0,102,10.53,-1.7,2.37
ETHUSDT,15m,Normal,reversal,1,3.5,1,147,7.47,-25.72,-14.66
ETHUSDT,15m,Normal,reversal,1,3.5,2,104,5.34,-7.11,-2.96
ETHUSDT,15m,Normal,reversal,1,3.5,3,112,7.06,-4.81,-0.85
ETHUSDT,15m,Normal,reversal,1,3.5,4,106,32.34,19.77,23.96
ETHUSDT,15m,VeryHigh,continuation,0,1.5,0,350,20.12,-21.78,-7.81
ETHUSDT,15m,VeryHigh,continuation,0,1.5,1,391,-16.44,-93.0,-67.48
ETHUSDT,15m,VeryHigh,continuation,0,1.5,2,343,8.88,-30.93,-17.66
ETHUSDT,15m,VeryHigh,continuation,0,1.5,3,356,6.41,-30.88,-18.45
ETHUSDT,15m,VeryHigh,continuation,0,1.5,4,370,3.19,-41.32,-26.48
ETHUSDT,15m,VeryHigh,continuation,0,2.5,0,288,-2.97,-37.15,-25.76
ETHUSDT,15m,VeryHigh,continuation,0,2.5,1,327,-13.09,-76.04,-55.06
ETHUSDT,15m,VeryHigh,continuation,0,2.5,2,275,22.72,-9.02,1.56
ETHUSDT,15m,VeryHigh,continuation,0,2.5,3,300,-7.28,-37.25,-27.26
ETHUSDT,15m,VeryHigh,continuation,0,2.5,4,292,24.27,-9.39,1.83
ETHUSDT,15m,VeryHigh,continuation,0,3.5,0,175,-13.72,-30.89,-25.17
ETHUSDT,15m,VeryHigh,continuation,0,3.5,1,295,-10.81,-66.84,-48.17
ETHUSDT,15m,VeryHigh,continuation,0,3.5,2,214,29.47,6.22,13.97
ETHUSDT,15m,VeryHigh,continuation,0,3.5,3,282,-28.34,-57.14,-47.54
ETHUSDT,15m,VeryHigh,continuation,0,3.5,4,215,30.27,6.43,14.38
ETHUSDT,15m,VeryHigh,continuation,1,1.5,0,299,7.88,-29.63,-17.13
ETHUSDT,15m,VeryHigh,continuation,1,1.5,1,331,-15.91,-84.88,-61.89
ETHUSDT,15m,VeryHigh,continuation,1,1.5,2,283,8.0,-27.02,-15.34
ETHUSDT,15m,VeryHigh,continuation,1,1.5,3,298,-0.72,-32.25,-21.74
ETHUSDT,15m,VeryHigh,continuation,1,1.5,4,313,14.88,-23.46,-10.68
ETHUSDT,15m,VeryHigh,continuation,1,2.5,0,249,-2.06,-33.38,-22.94
ETHUSDT,15m,VeryHigh,continuation,1,2.5,1,293,-12.25,-73.62,-53.16
ETHUSDT,15m,VeryHigh,continuation,1,2.5,2,241,30.5,0.94,10.79
ETHUSDT,15m,VeryHigh,continuation,1,2.5,3,277,-6.88,-35.71,-26.1
ETHUSDT,15m,VeryHigh,continuation,1,2.5,4,254,35.96,5.55,15.68
ETHUSDT,15m,VeryHigh,continuation,1,3.5,0,156,-19.97,-36.05,-30.69
ETHUSDT,15m,VeryHigh,continuation,1,3.5,1,270,-8.75,-65.31,-46.46
ETHUSDT,15m,VeryHigh,continuation,1,3.5,2,193,25.91,3.67,11.08
ETHUSDT,15m,VeryHigh,continuation,1,3.5,3,254,-12.72,-39.03,-30.26
ETHUSDT,15m,VeryHigh,continuation,1,3.5,4,194,43.57,21.26,28.7
ETHUSDT,15m,VeryHigh,reversal,0,1.5,0,124,14.44,0.15,4.91
ETHUSDT,15m,VeryHigh,reversal,0,1.5,1,130,-2.81,-31.59,-22.0
ETHUSDT,15m,VeryHigh,reversal,0,1.5,2,133,0.97,-14.61,-9.42
ETHUSDT,15m,VeryHigh,reversal,0,1.5,3,162,-15.03,-31.5,-26.01
ETHUSDT,15m,VeryHigh,reversal,0,1.5,4,121,7.19,-7.39,-2.53
ETHUSDT,15m,VeryHigh,reversal,0,2.5,0,118,11.09,-2.57,1.99
ETHUSDT,15m,VeryHigh,reversal,0,2.5,1,126,-4.72,-32.69,-23.36
ETHUSDT,15m,VeryHigh,reversal,0,2.5,2,123,-4.44,-19.09,-14.21
ETHUSDT,15m,VeryHigh,reversal,0,2.5,3,153,-10.03,-25.07,-20.06
ETHUSDT,15m,VeryHigh,reversal,0,2.5,4,118,7.47,-6.79,-2.04
ETHUSDT,15m,VeryHigh,reversal,0,3.5,0,112,15.53,2.56,6.89
ETHUSDT,15m,VeryHigh,reversal,0,3.5,1,123,-10.59,-37.66,-28.64
ETHUSDT,15m,VeryHigh,reversal,0,3.5,2,120,-0.34,-14.7,-9.91
ETHUSDT,15m,VeryHigh,reversal,0,3.5,3,141,-6.09,-19.53,-15.05
ETHUSDT,15m,VeryHigh,reversal,0,3.5,4,113,4.09,-9.4,-4.9
ETHUSDT,15m,VeryHigh,reversal,1,1.5,0,39,2.34,-3.17,-1.33
ETHUSDT,15m,VeryHigh,reversal,1,1.5,1,58,5.5,-8.77,-4.02
ETHUSDT,15m,VeryHigh,reversal,1,1.5,2,48,8.25,2.67,4.53
ETHUSDT,15m,VeryHigh,reversal,1,1.5,3,63,-2.19,-8.6,-6.46
ETHUSDT,15m,VeryHigh,reversal,1,1.5,4,38,0.38,-4.19,-2.67
ETHUSDT,15m,VeryHigh,reversal,1,2.5,0,36,-0.12,-5.35,-3.61
ETHUSDT,15m,VeryHigh,reversal,1,2.5,1,54,8.59,-1.51,1.86
ETHUSDT,15m,VeryHigh,reversal,1,2.5,2,48,4.09,-1.48,0.38
ETHUSDT,15m,VeryHigh,reversal,1,2.5,3,63,2.94,-3.47,-1.34
ETHUSDT,15m,VeryHigh,reversal,1,2.5,4,38,0.78,-3.78,-2.26
ETHUSDT,15m,VeryHigh,reversal,1,3.5,0,36,0.59,-4.63,-2.89
ETHUSDT,15m,VeryHigh,reversal,1,3.5,1,53,2.59,-7.34,-4.03
ETHUSDT,15m,VeryHigh,reversal,1,3.5,2,47,3.81,-1.67,0.15
ETHUSDT,15m,VeryHigh,reversal,1,3.5,3,61,3.19,-3.0,-0.94
ETHUSDT,15m,VeryHigh,reversal,1,3.5,4,38,0.19,-4.38,-2.85
ETHUSDT,1h,Normal,continuation,0,1.5,0,116,8.06,1.76,3.86
ETHUSDT,1h,Normal,continuation,0,1.5,1,127,-15.47,-26.6,-22.89
ETHUSDT,1h,Normal,continuation,0,1.5,2,106,11.12,5.36,7.28
ETHUSDT,1h,Normal,continuation,0,1.5,3,103,4.28,-0.43,1.14
ETHUSDT,1h,Normal,continuation,0,1.5,4,105,17.95,12.37,14.23
ETHUSDT,1h,Normal,continuation,0,2.5,0,89,-3.0,-7.74,-6.16
ETHUSDT,1h,Normal,continuation,0,2.5,1,102,-12.59,-20.78,-18.05
ETHUSDT,1h,Normal,continuation,0,2.5,2,80,14.09,9.81,11.24
ETHUSDT,1h,Normal,continuation,0,2.5,3,61,11.38,8.75,9.63
ETHUSDT,1h,Normal,continuation,0,2.5,4,91,24.9,20.0,21.63
ETHUSDT,1h,Normal,continuation,0,3.5,0,75,-3.97,-7.86,-6.56
ETHUSDT,1h,Normal,continuation,0,3.5,1,79,-8.56,-14.45,-12.48
ETHUSDT,1h,Normal,continuation,0,3.5,2,71,18.12,14.29,15.57
ETHUSDT,1h,Normal,continuation,0,3.5,3,52,8.22,6.05,6.77
ETHUSDT,1h,Normal,continuation,0,3.5,4,75,30.01,26.07,27.39
ETHUSDT,1h,Normal,continuation,1,1.5,0,98,12.53,7.21,8.98
ETHUSDT,1h,Normal,continuation,1,1.5,1,101,-11.28,-19.84,-16.99
ETHUSDT,1h,Normal,continuation,1,1.5,2,93,5.56,0.26,2.03
ETHUSDT,1h,Normal,continuation,1,1.5,3,89,-7.38,-11.73,-10.28
ETHUSDT,1h,Normal,continuation,1,1.5,4,92,2.53,-2.39,-0.75
ETHUSDT,1h,Normal,continuation,1,2.5,0,70,-0.34,-3.96,-2.76
ETHUSDT,1h,Normal,continuation,1,2.5,1,86,-10.09,-16.94,-14.65
ETHUSDT,1h,Normal,continuation,1,2.5,2,81,1.28,-3.32,-1.79
ETHUSDT,1h,Normal,continuation,1,2.5,3,63,-1.28,-4.27,-3.27
ETHUSDT,1h,Normal,continuation,1,2.5,4,77,8.59,4.47,5.85
ETHUSDT,1h,Normal,continuation,1,3.5,0,60,-7.22,-10.38,-9.33
ETHUSDT,1h,Normal,continuation,1,3.5,1,66,-3.16,-8.04,-6.41
ETHUSDT,1h,Normal,continuation,1,3.5,2,80,1.62,-2.91,-1.4
ETHUSDT,1h,Normal,continuation,1,3.5,3,60,1.97,-0.87,0.08
ETHUSDT,1h,Normal,continuation,1,3.5,4,72,12.06,8.25,9.52
ETHUSDT,1h,Normal,reversal,0,1.5,0,66,-4.5,-8.08,-6.89
ETHUSDT,1h,Normal,reversal,0,1.5,1,61,-1.84,-6.96,-5.25
ETHUSDT,1h,Normal,reversal,0,1.5,2,57,3.12,-0.06,1.0
ETHUSDT,1h,Normal,reversal,0,1.5,3,70,-6.41,-9.61,-8.54
ETHUSDT,1h,Normal,reversal,0,1.5,4,61,-2.91,-6.3,-5.17
ETHUSDT,1h,Normal,reversal,0,2.5,0,54,-6.47,-9.32,-8.37
ETHUSDT,1h,Normal,reversal,0,2.5,1,58,-3.25,-8.09,-6.48
ETHUSDT,1h,Normal,reversal,0,2.5,2,55,5.81,2.75,3.77
ETHUSDT,1h,Normal,reversal,0,2.5,3,64,-4.75,-7.59,-6.64
ETHUSDT,1h,Normal,reversal,0,2.5,4,56,-2.72,-5.86,-4.81
ETHUSDT,1h,Normal,reversal,0,3.5,0,47,-5.78,-8.23,-7.41
ETHUSDT,1h,Normal,reversal,0,3.5,1,46,-2.5,-6.23,-4.98
ETHUSDT,1h,Normal,reversal,0,3.5,2,51,10.25,7.43,8.37
ETHUSDT,1h,Normal,reversal,0,3.5,3,63,-5.53,-8.31,-7.39
ETHUSDT,1h,Normal,reversal,0,3.5,4,55,0.75,-2.33,-1.3
ETHUSDT,1h,Normal,reversal,1,1.5,0,37,-1.38,-3.27,-2.64
ETHUSDT,1h,Normal,reversal,1,1.5,1,33,-1.41,-4.36,-3.37
ETHUSDT,1h,Normal,reversal,1,1.5,2,24,1.31,0.04,0.47
ETHUSDT,1h,Normal,reversal,1,1.5,3,37,-0.03,-1.7,-1.15
ETHUSDT,1h,Normal,reversal,1,1.5,4,26,-0.31,-1.95,-1.4
ETHUSDT,1h,Normal,reversal,1,2.5,0,29,2.94,1.38,1.9
ETHUSDT,1h,Normal,reversal,1,2.5,1,33,-1.78,-4.73,-3.75
ETHUSDT,1h,Normal,reversal,1,2.5,2,24,5.5,4.23,4.65
ETHUSDT,1h,Normal,reversal,1,2.5,3,34,3.16,1.68,2.17
ETHUSDT,1h,Normal,reversal,1,2.5,4,26,-2.0,-3.63,-3.09
ETHUSDT,1h,Normal,reversal,1,3.5,0,27,2.28,0.81,1.3
ETHUSDT,1h,Normal,reversal,1,3.5,1,28,-1.84,-4.25,-3.45
ETHUSDT,1h,Normal,reversal,1,3.5,2,24,6.34,5.08,5.5
ETHUSDT,1h,Normal,reversal,1,3.5,3,33,0.44,-1.0,-0.52
ETHUSDT,1h,Normal,reversal,1,3.5,4,25,-2.09,-3.68,-3.15
ETHUSDT,1h,VeryHigh,continuation,0,1.5,0,102,-7.81,-13.42,-11.55
ETHUSDT,1h,VeryHigh,continuation,0,1.5,1,99,-1.97,-10.5,-7.65
ETHUSDT,1h,VeryHigh,continuation,0,1.5,2,96,2.62,-2.65,-0.89
ETHUSDT,1h,VeryHigh,continuation,0,1.5,3,92,-5.62,-10.06,-8.58
ETHUSDT,1h,VeryHigh,continuation,0,1.5,4,90,-2.91,-7.84,-6.2
ETHUSDT,1h,VeryHigh,continuation,0,2.5,0,73,-5.53,-9.02,-7.85
ETHUSDT,1h,VeryHigh,continuation,0,2.5,1,80,-2.0,-8.4,-6.27
ETHUSDT,1h,VeryHigh,continuation,0,2.5,2,73,7.56,3.67,4.97
ETHUSDT,1h,VeryHigh,continuation,0,2.5,3,71,-3.44,-6.84,-5.71
ETHUSDT,1h,VeryHigh,continuation,0,2.5,4,77,-6.28,-10.44,-9.06
ETHUSDT,1h,VeryHigh,continuation,0,3.5,0,61,-8.88,-11.8,-10.82
ETHUSDT,1h,VeryHigh,continuation,0,3.5,1,66,-0.59,-5.84,-4.09
ETHUSDT,1h,VeryHigh,continuation,0,3.5,2,73,3.41,-0.51,0.79
ETHUSDT,1h,VeryHigh,continuation,0,3.5,3,63,-3.56,-6.58,-5.57
ETHUSDT,1h,VeryHigh,continuation,0,3.5,4,74,-9.69,-13.65,-12.33
ETHUSDT,1h,VeryHigh,continuation,1,1.5,0,82,-4.47,-8.87,-7.4
ETHUSDT,1h,VeryHigh,continuation,1,1.5,1,70,-0.72,-6.68,-4.69
ETHUSDT,1h,VeryHigh,continuation,1,1.5,2,85,0.44,-4.26,-2.69
ETHUSDT,1h,VeryHigh,continuation,1,1.5,3,82,-12.09,-16.09,-14.76
ETHUSDT,1h,VeryHigh,continuation,1,1.5,4,79,0.94,-3.62,-2.1
ETHUSDT,1h,VeryHigh,continuation,1,2.5,0,63,-4.16,-7.26,-6.22
ETHUSDT,1h,VeryHigh,continuation,1,2.5,1,62,1.78,-3.25,-1.57
ETHUSDT,1h,VeryHigh,continuation,1,2.5,2,71,9.69,5.78,7.09
ETHUSDT,1h,VeryHigh,continuation,1,2.5,3,61,-6.0,-8.88,-7.92
ETHUSDT,1h,VeryHigh,continuation,1,2.5,4,68,4.06,0.2,1.48
ETHUSDT,1h,VeryHigh,continuation,1,3.5,0,56,-12.91,-15.71,-14.78
ETHUSDT,1h,VeryHigh,continuation,1,3.5,1,50,7.78,4.18,5.38
ETHUSDT,1h,VeryHigh,continuation,1,3.5,2,63,8.53,5.1,6.24
ETHUSDT,1h,VeryHigh,continuation,1,3.5,3,55,-7.19,-9.77,-8.91
ETHUSDT,1h,VeryHigh,continuation,1,3.5,4,65,1.56,-2.11,-0.88
ETHUSDT,1h,VeryHigh,reversal,0,1.5,0,30,5.38,3.71,4.27
ETHUSDT,1h,VeryHigh,reversal,0,1.5,1,32,-5.31,-7.75,-6.94
ETHUSDT,1h,VeryHigh,reversal,0,1.5,2,28,12.62,11.05,11.58
ETHUSDT,1h,VeryHigh,reversal,0,1.5,3,31,1.34,-0.09,0.39
ETHUSDT,1h,VeryHigh,reversal,0,1.5,4,34,2.81,0.61,1.35
ETHUSDT,1h,VeryHigh,reversal,0,2.5,0,29,4.69,3.15,3.66
ETHUSDT,1h,VeryHigh,reversal,0,2.5,1,32,-3.69,-6.13,-5.32
ETHUSDT,1h,VeryHigh,reversal,0,2.5,2,27,13.03,11.57,12.06
ETHUSDT,1h,VeryHigh,reversal,0,2.5,3,31,0.53,-0.9,-0.42
ETHUSDT,1h,VeryHigh,reversal,0,2.5,4,34,2.44,0.24,0.97
ETHUSDT,1h,VeryHigh,reversal,0,3.5,0,27,7.53,6.1,6.58
ETHUSDT,1h,VeryHigh,reversal,0,3.5,1,29,0.94,-1.23,-0.51
ETHUSDT,1h,VeryHigh,reversal,0,3.5,2,22,11.84,10.61,11.02
ETHUSDT,1h,VeryHigh,reversal,0,3.5,3,31,2.38,0.95,1.42
ETHUSDT,1h,VeryHigh,reversal,0,3.5,4,34,2.84,0.65,1.38
ETHUSDT,1h,VeryHigh,reversal,1,1.5,0,7,2.22,1.9,2.01
ETHUSDT,1h,VeryHigh,reversal,1,1.5,1,17,-1.62,-2.89,-2.47
ETHUSDT,1h,VeryHigh,reversal,1,1.5,2,6,5.0,4.64,4.76
ETHUSDT,1h,VeryHigh,reversal,1,1.5,3,14,5.59,4.9,5.13
ETHUSDT,1h,VeryHigh,reversal,1,1.5,4,12,-2.31,-3.0,-2.77
ETHUSDT,1h,VeryHigh,reversal,1,2.5,0,7,2.78,2.47,2.57
ETHUSDT,1h,VeryHigh,reversal,1,2.5,1,17,0.16,-1.11,-0.69
ETHUSDT,1h,VeryHigh,reversal,1,2.5,2,6,4.75,4.39,4.51
ETHUSDT,1h,VeryHigh,reversal,1,2.5,3,14,2.78,2.09,2.32
ETHUSDT,1h,VeryHigh,reversal,1,2.5,4,12,-0.78,-1.47,-1.24
ETHUSDT,1h,VeryHigh,reversal,1,3.5,0,7,4.19,3.87,3.98
ETHUSDT,1h,VeryHigh,reversal,1,3.5,1,17,2.41,1.14,1.56
ETHUSDT,1h,VeryHigh,reversal,1,3.5,2,6,5.66,5.29,5.42
ETHUSDT,1h,VeryHigh,reversal,1,3.5,3,14,1.38,0.68,0.91
ETHUSDT,1h,VeryHigh,reversal,1,3.5,4,12,1.22,0.52,0.76
ETHUSDT,4h,Normal,continuation,0,1.5,0,26,-1.34,-2.05,-1.82
ETHUSDT,4h,Normal,continuation,0,1.5,1,28,-2.19,-3.17,-2.84
ETHUSDT,4h,Normal,continuation,0,1.5,2,30,0.62,-0.14,0.12
ETHUSDT,4h,Normal,continuation,0,1.5,3,26,-3.72,-4.3,-4.11
ETHUSDT,4h,Normal,continuation,0,1.5,4,26,1.12,0.45,0.68
ETHUSDT,4h,Normal,continuation,0,2.5,0,18,3.81,3.4,3.53
ETHUSDT,4h,Normal,continuation,0,2.5,1,22,-2.44,-3.15,-2.91
ETHUSDT,4h,Normal,continuation,0,2.5,2,17,4.41,3.97,4.11
ETHUSDT,4h,Normal,continuation,0,2.5,3,22,-6.59,-7.08,-6.92
ETHUSDT,4h,Normal,continuation,0,2.5,4,21,1.97,1.44,1.62
ETHUSDT,4h,Normal,continuation,0,3.5,0,10,-0.12,-0.35,-0.27
ETHUSDT,4h,Normal,continuation,0,3.5,1,13,7.78,7.35,7.5
ETHUSDT,4h,Normal,continuation,0,3.5,2,12,4.91,4.61,4.71
ETHUSDT,4h,Normal,continuation,0,3.5,3,17,-7.62,-7.99,-7.87
ETHUSDT,4h,Normal,continuation,0,3.5,4,16,0.69,0.31,0.44
ETHUSDT,4h,Normal,continuation,1,1.5,0,26,-2.84,-3.57,-3.33
ETHUSDT,4h,Normal,continuation,1,1.5,1,21,2.81,2.03,2.29
ETHUSDT,4h,Normal,continuation,1,1.5,2,27,0.09,-0.61,-0.38
ETHUSDT,4h,Normal,continuation,1,1.5,3,22,2.25,1.74,1.91
ETHUSDT,4h,Normal,continuation,1,1.5,4,22,0.12,-0.45,-0.26
ETHUSDT,4h,Normal,continuation,1,2.5,0,20,1.09,0.61,0.77
ETHUSDT,4h,Normal,continuation,1,2.5,1,16,3.56,3.04,3.21
ETHUSDT,4h,Normal,continuation,1,2.5,2,23,-0.28,-0.88,-0.68
ETHUSDT,4h,Normal,continuation,1,2.5,3,19,2.41,1.97,2.11
ETHUSDT,4h,Normal,continuation,1,2.5,4,19,0.02,-0.47,-0.3
ETHUSDT,4h,Normal,continuation,1,3.5,0,13,-0.62,-0.93,-0.83
ETHUSDT,4h,Normal,continuation,1,3.5,1,9,5.41,5.12,5.21
ETHUSDT,4h,Normal,continuation,1,3.5,2,23,0.09,-0.52,-0.31
ETHUSDT,4h,Normal,continuation,1,3.5,3,15,2.38,2.02,2.14
ETHUSDT,4h,Normal,continuation,1,3.5,4,14,-0.54,-0.89,-0.78
ETHUSDT,4h,Normal,reversal,0,1.5,0,13,0.94,0.6,0.71
ETHUSDT,4h,Normal,reversal,0,1.5,1,9,3.75,3.42,3.53
ETHUSDT,4h,Normal,reversal,0,1.5,2,16,0.31,-0.1,0.04
ETHUSDT,4h,Normal,reversal,0,1.5,3,8,3.69,3.5,3.56
ETHUSDT,4h,Normal,reversal,0,1.5,4,11,-1.25,-1.52,-1.43
ETHUSDT,4h,Normal,reversal,0,2.5,0,10,-1.16,-1.38,-1.3
ETHUSDT,4h,Normal,reversal,0,2.5,1,9,5.91,5.58,5.69
ETHUSDT,4h,Normal,reversal,0,2.5,2,15,-3.25,-3.62,-3.5
ETHUSDT,4h,Normal,reversal,0,2.5,3,8,3.88,3.68,3.75
ETHUSDT,4h,Normal,reversal,0,2.5,4,11,-2.81,-3.08,-2.99
ETHUSDT,4h,Normal,reversal,0,3.5,0,10,-4.72,-4.94,-4.87
ETHUSDT,4h,Normal,reversal,0,3.5,1,6,5.66,5.43,5.5
ETHUSDT,4h,Normal,reversal,0,3.5,2,15,-5.12,-5.5,-5.37
ETHUSDT,4h,Normal,reversal,0,3.5,3,7,1.03,0.87,0.92
ETHUSDT,4h,Normal,reversal,0,3.5,4,10,-2.66,-2.9,-2.82
ETHUSDT,4h,Normal,reversal,1,1.5,0,7,-1.22,-1.38,-1.32
ETHUSDT,4h,Normal,reversal,1,1.5,1,5,1.16,0.99,1.04
ETHUSDT,4h,Normal,reversal,1,1.5,2,8,-0.28,-0.47,-0.41
ETHUSDT,4h,Normal,reversal,1,1.5,3,3,1.22,1.14,1.17
ETHUSDT,4h,Normal,reversal,1,1.5,4,6,-1.72,-1.86,-1.81
ETHUSDT,4h,Normal,reversal,1,2.5,0,7,-1.94,-2.09,-2.04
ETHUSDT,4h,Normal,reversal,1,2.5,1,5,2.69,2.52,2.57
ETHUSDT,4h,Normal,reversal,1,2.5,2,8,-1.56,-1.75,-1.69
ETHUSDT,4h,Normal,reversal,1,2.5,3,3,1.25,1.17,1.2
ETHUSDT,4h,Normal,reversal,1,2.5,4,6,-3.03,-3.17,-3.12
ETHUSDT,4h,Normal,reversal,1,3.5,0,7,-3.78,-3.94,-3.89
ETHUSDT,4h,Normal,reversal,1,3.5,1,4,4.44,4.29,4.34
ETHUSDT,4h,Normal,reversal,1,3.5,2,8,-2.25,-2.44,-2.38
ETHUSDT,4h,Normal,reversal,1,3.5,3,3,1.34,1.26,1.29
ETHUSDT,4h,Normal,reversal,1,3.5,4,6,-2.34,-2.48,-2.44
ETHUSDT,4h,VeryHigh,continuation,0,1.5,0,27,-2.28,-3.03,-2.78
ETHUSDT,4h,VeryHigh,continuation,0,1.5,1,21,6.97,6.16,6.43
ETHUSDT,4h,VeryHigh,continuation,0,1.5,2,26,3.19,2.54,2.75
ETHUSDT,4h,VeryHigh,continuation,0,1.5,3,19,3.34,2.88,3.04
ETHUSDT,4h,VeryHigh,continuation,0,1.5,4,28,2.62,1.85,2.11
ETHUSDT,4h,VeryHigh,continuation,0,2.5,0,18,3.5,3.08,3.22
ETHUSDT,4h,VeryHigh,continuation,0,2.5,1,12,4.12,3.75,3.87
ETHUSDT,4h,VeryHigh,continuation,0,2.5,2,21,-0.59,-1.1,-0.93
ETHUSDT,4h,VeryHigh,continuation,0,2.5,3,17,5.28,4.87,5.01
ETHUSDT,4h,VeryHigh,continuation,0,2.5,4,19,-0.75,-1.21,-1.06
ETHUSDT,4h,VeryHigh,continuation,0,3.5,0,16,-4.09,-4.49,-4.36
ETHUSDT,4h,VeryHigh,continuation,0,3.5,1,12,3.56,3.17,3.3
ETHUSDT,4h,VeryHigh,continuation,0,3.5,2,21,-0.16,-0.66,-0.49
ETHUSDT,4h,VeryHigh,continuation,0,3.5,3,12,8.31,8.02,8.12
ETHUSDT,4h,VeryHigh,continuation,0,3.5,4,19,-1.19,-1.64,-1.49
ETHUSDT,4h,VeryHigh,continuation,1,1.5,0,20,-4.16,-4.74,-4.54
ETHUSDT,4h,VeryHigh,continuation,1,1.5,1,15,2.66,2.07,2.27
ETHUSDT,4h,VeryHigh,continuation,1,1.5,2,23,3.12,2.56,2.75
ETHUSDT,4h,VeryHigh,continuation,1,1.5,3,18,4.69,4.24,4.39
ETHUSDT,4h,VeryHigh,continuation,1,1.5,4,21,2.25,1.64,1.85
ETHUSDT,4h,VeryHigh,continuation,1,2.5,0,17,-3.59,-4.09,-3.93
ETHUSDT,4h,VeryHigh,continuation,1,2.5,1,12,2.84,2.39,2.54
ETHUSDT,4h,VeryHigh,continuation,1,2.5,2,20,-0.56,-1.03,-0.87
ETHUSDT,4h,VeryHigh,continuation,1,2.5,3,16,6.28,5.88,6.01
ETHUSDT,4h,VeryHigh,continuation,1,2.5,4,18,0.15,-0.35,-0.18
ETHUSDT,4h,VeryHigh,continuation,1,3.5,0,16,-5.22,-5.69,-5.53
ETHUSDT,4h,VeryHigh,continuation,1,3.5,1,11,0.22,-0.14,-0.02
ETHUSDT,4h,VeryHigh,continuation,1,3.5,2,20,0.38,-0.09,0.06
ETHUSDT,4h,VeryHigh,continuation,1,3.5,3,12,8.31,8.02,8.12
ETHUSDT,4h,VeryHigh,continuation,1,3.5,4,18,1.14,0.64,0.81
ETHUSDT,4h,VeryHigh,reversal,0,1.5,0,9,2.06,1.85,1.92
ETHUSDT,4h,VeryHigh,reversal,0,1.5,1,5,3.09,2.89,2.96
ETHUSDT,4h,VeryHigh,reversal,0,1.5,2,12,-0.44,-0.76,-0.65
ETHUSDT,4h,VeryHigh,reversal,0,1.5,3,6,0.94,0.78,0.84
ETHUSDT,4h,VeryHigh,reversal,0,1.5,4,7,0.12,-0.07,-0.0
ETHUSDT,4h,VeryHigh,reversal,0,2.5,0,9,0.56,0.35,0.42
ETHUSDT,4h,VeryHigh,reversal,0,2.5,1,4,2.81,2.68,2.73
ETHUSDT,4h,VeryHigh,reversal,0,2.5,2,12,-1.72,-2.04,-1.93
ETHUSDT,4h,VeryHigh,reversal,0,2.5,3,6,1.22,1.06,1.12
ETHUSDT,4h,VeryHigh,reversal,0,2.5,4,6,-0.78,-0.93,-0.88
ETHUSDT,4h,VeryHigh,reversal,0,3.5,0,9,0.62,0.41,0.48
ETHUSDT,4h,VeryHigh,reversal,0,3.5,1,4,3.53,3.4,3.44
ETHUSDT,4h,VeryHigh,reversal,0,3.5,2,12,-1.03,-1.35,-1.25
ETHUSDT,4h,VeryHigh,reversal,0,3.5,3,6,2.0,1.84,1.9
ETHUSDT,4h,VeryHigh,reversal,0,3.5,4,6,-1.19,-1.34,-1.29
ETHUSDT,4h,VeryHigh,reversal,1,1.5,0,5,1.16,0.97,1.03
ETHUSDT,4h,VeryHigh,reversal,1,1.5,1,3,0.88,0.73,0.78
ETHUSDT,4h,VeryHigh,reversal,1,1.5,2,5,0.44,0.3,0.35
ETHUSDT,4h,VeryHigh,reversal,1,1.5,3,3,0.88,0.8,0.82
ETHUSDT,4h,VeryHigh,reversal,1,1.5,4,2,-2.0,-2.06,-2.04
ETHUSDT,4h,VeryHigh,reversal,1,2.5,0,5,1.09,0.9,0.97
ETHUSDT,4h,VeryHigh,reversal,1,2.5,1,3,2.12,1.98,2.03
ETHUSDT,4h,VeryHigh,reversal,1,2.5,2,5,0.94,0.8,0.85
ETHUSDT,4h,VeryHigh,reversal,1,2.5,3,3,2.12,2.05,2.07
ETHUSDT,4h,VeryHigh,reversal,1,2.5,4,2,-2.0,-2.06,-2.04
ETHUSDT,4h,VeryHigh,reversal,1,3.5,0,5,2.53,2.34,2.41
ETHUSDT,4h,VeryHigh,reversal,1,3.5,1,3,3.38,3.22,3.27
ETHUSDT,4h,VeryHigh,reversal,1,3.5,2,5,2.31,2.18,2.22
ETHUSDT,4h,VeryHigh,reversal,1,3.5,3,3,3.38,3.3,3.32
ETHUSDT,4h,VeryHigh,reversal,1,3.5,4,2,-2.0,-2.06,-2.04
SOLUSDT,15m,Normal,continuation,0,1.5,0,446,16.19,-17.56,-6.31
SOLUSDT,15m,Normal,continuation,0,1.5,1,437,26.06,-10.3,1.82
SOLUSDT,15m,Normal,continuation,0,1.5,2,470,-12.28,-48.57,-36.47
SOLUSDT,15m,Normal,continuation,0,1.5,3,467,12.94,-26.07,-13.07
SOLUSDT,15m,Normal,continuation,0,1.5,4,448,9.27,-36.38,-21.17
SOLUSDT,15m,Normal,continuation,0,2.5,0,356,16.16,-10.86,-1.86
SOLUSDT,15m,Normal,continuation,0,2.5,1,339,31.16,4.15,13.15
SOLUSDT,15m,Normal,continuation,0,2.5,2,350,-2.84,-29.67,-20.73
SOLUSDT,15m,Normal,continuation,0,2.5,3,343,15.88,-12.12,-2.79
SOLUSDT,15m,Normal,continuation,0,2.5,4,334,24.27,-10.43,1.14
SOLUSDT,15m,Normal,continuation,0,3.5,0,286,-0.03,-21.4,-14.28
SOLUSDT,15m,Normal,continuation,0,3.5,1,290,39.56,17.37,24.77
SOLUSDT,15m,Normal,continuation,0,3.5,2,227,-2.41,-18.22,-12.95
SOLUSDT,15m,Normal,continuation,0,3.5,3,270,15.72,-5.87,1.33
SOLUSDT,15m,Normal,continuation,0,3.5,4,260,15.39,-10.22,-1.68
SOLUSDT,15m,Normal,continuation,1,1.5,0,348,7.94,-18.28,-9.54
SOLUSDT,15m,Normal,continuation,1,1.5,1,374,33.69,1.6,12.29
SOLUSDT,15m,Normal,continuation,1,1.5,2,381,3.16,-26.97,-16.93
SOLUSDT,15m,Normal,continuation,1,1.5,3,379,29.34,-2.61,8.04
SOLUSDT,15m,Normal,continuation,1,1.5,4,357,-2.6,-40.49,-27.86
SOLUSDT,15m,Normal,continuation,1,2.5,0,286,14.31,-6.99,0.11
SOLUSDT,15m,Normal,continuation,1,2.5,1,308,7.41,-18.87,-10.11
SOLUSDT,15m,Normal,continuation,1,2.5,2,295,0.56,-22.13,-14.56
SOLUSDT,15m,Normal,continuation,1,2.5,3,298,31.72,6.49,14.9
SOLUSDT,15m,Normal,continuation,1,2.5,4,287,6.3,-24.49,-14.22
SOLUSDT,15m,Normal,continuation,1,3.5,0,239,19.62,2.62,8.29
SOLUSDT,15m,Normal,continuation,1,3.5,1,267,9.03,-14.22,-6.47
SOLUSDT,15m,Normal,continuation,1,3.5,2,172,19.59,7.73,11.68
SOLUSDT,15m,Normal,continuation,1,3.5,3,238,27.78,8.0,14.59
SOLUSDT,15m,Normal,continuation,1,3.5,4,236,9.15,-16.19,-7.74
SOLUSDT,15m,Normal,reversal,0,1.5,0,200,18.56,3.84,8.74
SOLUSDT,15m,Normal,reversal,0,1.5,1,230,14.97,-4.96,1.68
SOLUSDT,15m,Normal,reversal,0,1.5,2,213,10.06,-6.67,-1.09
SOLUSDT,15m,Normal,reversal,0,1.5,3,234,16.59,-3.17,3.42
SOLUSDT,15m,Normal,reversal,0,1.5,4,209,7.31,-13.29,-6.43
SOLUSDT,15m,Normal,reversal,0,2.5,0,186,17.09,3.63,8.12
SOLUSDT,15m,Normal,reversal,0,2.5,1,205,17.81,-0.24,5.78
SOLUSDT,15m,Normal,reversal,0,2.5,2,188,19.69,5.22,10.04
SOLUSDT,15m,Normal,reversal,0,2.5,3,213,11.62,-6.0,-0.12
SOLUSDT,15m,Normal,reversal,0,2.5,4,191,-5.16,-23.88,-17.64
SOLUSDT,15m,Normal,reversal,0,3.5,0,168,18.56,6.07,10.24
SOLUSDT,15m,Normal,reversal,0,3.5,1,180,18.16,2.37,7.63
SOLUSDT,15m,Normal,reversal,0,3.5,2,169,26.09,12.98,17.35
SOLUSDT,15m,Normal,reversal,0,3.5,3,190,28.78,13.15,18.36
SOLUSDT,15m,Normal,reversal,0,3.5,4,167,10.91,-5.06,0.26
SOLUSDT,15m,Normal,reversal,1,1.5,0,115,12.19,3.0,6.06
SOLUSDT,15m,Normal,reversal,1,1.5,1,131,14.91,2.79,6.83
SOLUSDT,15m,Normal,reversal,1,1.5,2,123,3.16,-6.93,-3.57
SOLUSDT,15m,Normal,reversal,1,1.5,3,127,3.28,-7.4,-3.84
SOLUSDT,15m,Normal,reversal,1,1.5,4,125,6.03,-6.37,-2.23
SOLUSDT,15m,Normal,reversal,1,2.5,0,108,19.69,11.1,13.96
SOLUSDT,15m,Normal,reversal,1,2.5,1,120,13.53,2.51,6.19
SOLUSDT,15m,Normal,reversal,1,2.5,2,119,9.78,0.04,3.29
SOLUSDT,15m,Normal,reversal,1,2.5,3,121,6.25,-4.01,-0.59
SOLUSDT,15m,Normal,reversal,1,2.5,4,119,2.22,-9.63,-5.68
SOLUSDT,15m,Normal,reversal,1,3.5,0,100,24.09,16.23,18.85
SOLUSDT,15m,Normal,reversal,1,3.5,1,111,12.06,2.33,5.57
SOLUSDT,15m,Normal,reversal,1,3.5,2,108,14.22,5.35,8.3
SOLUSDT,15m,Normal,reversal,1,3.5,3,114,8.75,-0.8,2.39
SOLUSDT,15m,Normal,reversal,1,3.5,4,110,0.28,-10.74,-7.06
SOLUSDT,15m,VeryHigh,continuation,0,1.5,0,375,3.25,-25.37,-15.83
SOLUSDT,15m,VeryHigh,continuation,0,1.5,1,343,25.12,-4.67,5.26
SOLUSDT,15m,VeryHigh,continuation,0,1.5,2,364,-18.69,-47.35,-37.8
SOLUSDT,15m,VeryHigh,continuation,0,1.5,3,377,21.31,-10.27,0.25
SOLUSDT,15m,VeryHigh,continuation,0,1.5,4,372,16.8,-21.74,-8.9
SOLUSDT,15m,VeryHigh,continuation,0,2.5,0,307,-3.41,-26.41,-18.74
SOLUSDT,15m,VeryHigh,continuation,0,2.5,1,288,14.53,-10.22,-1.97
SOLUSDT,15m,VeryHigh,continuation,0,2.5,2,301,3.22,-19.73,-12.08
SOLUSDT,15m,VeryHigh,continuation,0,2.5,3,318,9.69,-16.33,-7.65
SOLUSDT,15m,VeryHigh,continuation,0,2.5,4,316,7.02,-24.96,-14.3
SOLUSDT,15m,VeryHigh,continuation,0,3.5,0,225,2.19,-13.12,-8.02
SOLUSDT,15m,VeryHigh,continuation,0,3.5,1,236,15.41,-5.18,1.68
SOLUSDT,15m,VeryHigh,continuation,0,3.5,2,230,11.28,-5.88,-0.16
SOLUSDT,15m,VeryHigh,continuation,0,3.5,3,235,21.22,2.12,8.48
SOLUSDT,15m,VeryHigh,continuation,0,3.5,4,273,6.24,-20.89,-11.85
SOLUSDT,15m,VeryHigh,continuation,1,1.5,0,300,-1.81,-24.52,-16.95
SOLUSDT,15m,VeryHigh,continuation,1,1.5,1,275,18.19,-5.87,2.15
SOLUSDT,15m,VeryHigh,continuation,1,1.5,2,291,-7.41,-30.89,-23.06
SOLUSDT,15m,VeryHigh,continuation,1,1.5,3,296,3.0,-21.82,-13.55
SOLUSDT,15m,VeryHigh,continuation,1,1.5,4,299,4.8,-27.04,-16.42
SOLUSDT,15m,VeryHigh,continuation,1,2.5,0,268,-3.31,-23.73,-16.92
SOLUSDT,15m,VeryHigh,continuation,1,2.5,1,239,9.22,-11.59,-4.66
SOLUSDT,15m,VeryHigh,continuation,1,2.5,2,242,9.81,-9.27,-2.91
SOLUSDT,15m,VeryHigh,continuation,1,2.5,3,244,-3.06,-23.22,-16.5
SOLUSDT,15m,VeryHigh,continuation,1,2.5,4,271,1.36,-27.5,-17.88
SOLUSDT,15m,VeryHigh,continuation,1,3.5,0,239,5.53,-11.89,-6.09
SOLUSDT,15m,VeryHigh,continuation,1,3.5,1,216,6.59,-12.55,-6.17
SOLUSDT,15m,VeryHigh,continuation,1,3.5,2,199,17.53,2.45,7.48
SOLUSDT,15m,VeryHigh,continuation,1,3.5,3,199,-2.25,-18.74,-13.24
SOLUSDT,15m,VeryHigh,continuation,1,3.5,4,240,0.21,-25.36,-16.83
SOLUSDT,15m,VeryHigh,reversal,0,1.5,0,127,14.75,4.75,8.08
SOLUSDT,15m,VeryHigh,reversal,0,1.5,1,119,12.09,2.33,5.58
SOLUSDT,15m,VeryHigh,reversal,0,1.5,2,110,11.84,2.82,5.83
SOLUSDT,15m,VeryHigh,reversal,0,1.5,3,130,17.59,6.99,10.53
SOLUSDT,15m,VeryHigh,reversal,0,1.5,4,125,-8.59,-21.21,-17.0
SOLUSDT,15m,VeryHigh,reversal,0,2.5,0,125,20.38,10.56,13.83
SOLUSDT,15m,VeryHigh,reversal,0,2.5,1,107,17.53,9.22,11.99
SOLUSDT,15m,VeryHigh,reversal,0,2.5,2,108,18.31,9.51,12.44
SOLUSDT,15m,VeryHigh,reversal,0,2.5,3,120,12.59,2.94,6.16
SOLUSDT,15m,VeryHigh,reversal,0,2.5,4,124,-9.69,-22.18,-18.01
SOLUSDT,15m,VeryHigh,reversal,0,3.5,0,121,23.03,13.59,16.74
SOLUSDT,15m,VeryHigh,reversal,0,3.5,1,96,25.19,17.98,20.38
SOLUSDT,15m,VeryHigh,reversal,0,3.5,2,107,25.19,16.42,19.34
SOLUSDT,15m,VeryHigh,reversal,0,3.5,3,112,9.09,0.14,3.12
SOLUSDT,15m,VeryHigh,reversal,0,3.5,4,114,-7.84,-19.39,-15.54
SOLUSDT,15m,VeryHigh,reversal,1,1.5,0,48,-1.09,-4.79,-3.56
SOLUSDT,15m,VeryHigh,reversal,1,1.5,1,36,2.19,-0.92,0.12
SOLUSDT,15m,VeryHigh,reversal,1,1.5,2,39,-0.56,-3.86,-2.76
SOLUSDT,15m,VeryHigh,reversal,1,1.5,3,34,9.69,7.01,7.9
SOLUSDT,15m,VeryHigh,reversal,1,1.5,4,46,-0.25,-4.66,-3.19
SOLUSDT,15m,VeryHigh,reversal,1,2.5,0,47,1.28,-2.33,-1.12
SOLUSDT,15m,VeryHigh,reversal,1,2.5,1,35,1.44,-1.54,-0.55
SOLUSDT,15m,VeryHigh,reversal,1,2.5,2,39,0.62,-2.67,-1.57
SOLUSDT,15m,VeryHigh,reversal,1,2.5,3,34,6.62,3.95,4.84
SOLUSDT,15m,VeryHigh,reversal,1,2.5,4,46,-2.0,-6.4,-4.94
SOLUSDT,15m,VeryHigh,reversal,1,3.5,0,46,2.66,-0.85,0.32
SOLUSDT,15m,VeryHigh,reversal,1,3.5,1,35,4.56,1.58,2.58
SOLUSDT,15m,VeryHigh,reversal,1,3.5,2,39,0.28,-3.01,-1.91
SOLUSDT,15m,VeryHigh,reversal,1,3.5,3,33,1.38,-1.19,-0.34
SOLUSDT,15m,VeryHigh,reversal,1,3.5,4,43,-2.97,-7.13,-5.74
SOLUSDT,1h,Normal,continuation,0,1.5,0,107,-0.5,-4.44,-3.13
SOLUSDT,1h,Normal,continuation,0,1.5,1,106,19.06,15.0,16.35
SOLUSDT,1h,Normal,continuation,0,1.5,2,114,4.69,0.2,1.7
SOLUSDT,1h,Normal,continuation,0,1.5,3,115,-7.62,-12.02,-10.55
SOLUSDT,1h,Normal,continuation,0,1.5,4,112,10.5,5.37,7.08
SOLUSDT,1h,Normal,continuation,0,2.5,0,69,-5.75,-8.1,-7.32
SOLUSDT,1h,Normal,continuation,0,2.5,1,78,10.66,7.86,8.79
SOLUSDT,1h,Normal,continuation,0,2.5,2,81,13.25,10.2,11.22
SOLUSDT,1h,Normal,continuation,0,2.5,3,106,-12.69,-16.68,-15.35
SOLUSDT,1h,Normal,continuation,0,2.5,4,95,2.7,-1.57,-0.15
SOLUSDT,1h,Normal,continuation,0,3.5,0,60,-5.06,-7.17,-6.47
SOLUSDT,1h,Normal,continuation,0,3.5,1,59,7.03,5.21,5.81
SOLUSDT,1h,Normal,continuation,0,3.5,2,71,-3.66,-6.4,-5.48
SOLUSDT,1h,Normal,continuation,0,3.5,3,73,-1.91,-4.52,-3.65
SOLUSDT,1h,Normal,continuation,0,3.5,4,72,-1.27,-4.4,-3.35
SOLUSDT,1h,Normal,continuation,1,1.5,0,92,3.75,0.33,1.47
SOLUSDT,1h,Normal,continuation,1,1.5,1,86,12.5,9.06,10.21
SOLUSDT,1h,Normal,continuation,1,1.5,2,89,7.19,3.67,4.84
SOLUSDT,1h,Normal,continuation,1,1.5,3,94,-3.69,-7.32,-6.11
SOLUSDT,1h,Normal,continuation,1,1.5,4,96,-2.6,-7.23,-5.68
SOLUSDT,1h,Normal,continuation,1,2.5,0,67,2.16,-0.16,0.61
SOLUSDT,1h,Normal,continuation,1,2.5,1,67,9.88,7.32,8.17
SOLUSDT,1h,Normal,continuation,1,2.5,2,78,10.78,7.77,8.77
SOLUSDT,1h,Normal,continuation,1,2.5,3,82,-5.25,-8.37,-7.33
SOLUSDT,1h,Normal,continuation,1,2.5,4,81,-9.66,-13.44,-12.18
SOLUSDT,1h,Normal,continuation,1,3.5,0,56,5.25,3.38,4.0
SOLUSDT,1h,Normal,continuation,1,3.5,1,52,6.25,4.52,5.1
SOLUSDT,1h,Normal,continuation,1,3.5,2,65,6.56,4.03,4.88
SOLUSDT,1h,Normal,continuation,1,3.5,3,64,0.44,-1.94,-1.15
SOLUSDT,1h,Normal,continuation,1,3.5,4,68,-8.48,-11.56,-10.53
SOLUSDT,1h,Normal,reversal,0,1.5,0,61,-1.19,-3.38,-2.65
SOLUSDT,1h,Normal,reversal,0,1.5,1,53,1.53,-0.38,0.26
SOLUSDT,1h,Normal,reversal,0,1.5,2,46,8.03,6.39,6.93
SOLUSDT,1h,Normal,reversal,0,1.5,3,62,-5.06,-7.58,-6.74
SOLUSDT,1h,Normal,reversal,0,1.5,4,62,-6.59,-9.75,-8.7
SOLUSDT,1h,Normal,reversal,0,2.5,0,50,6.72,5.02,5.59
SOLUSDT,1h,Normal,reversal,0,2.5,1,48,-0.19,-1.85,-1.29
SOLUSDT,1h,Normal,reversal,0,2.5,2,41,7.94,6.52,6.99
SOLUSDT,1h,Normal,reversal,0,2.5,3,56,-5.91,-8.18,-7.42
SOLUSDT,1h,Normal,reversal,0,2.5,4,57,-7.94,-10.76,-9.82
SOLUSDT,1h,Normal,reversal,0,3.5,0,39,11.69,10.4,10.83
SOLUSDT,1h,Normal,reversal,0,3.5,1,41,1.25,-0.05,0.38
SOLUSDT,1h,Normal,reversal,0,3.5,2,29,4.84,3.86,4.19
SOLUSDT,1h,Normal,reversal,0,3.5,3,56,-3.47,-5.75,-4.99
SOLUSDT,1h,Normal,reversal,0,3.5,4,52,-14.38,-16.91,-16.07
SOLUSDT,1h,Normal,reversal,1,1.5,0,23,0.91,-0.04,0.28
SOLUSDT,1h,Normal,reversal,1,1.5,1,27,1.28,0.25,0.59
SOLUSDT,1h,Normal,reversal,1,1.5,2,24,6.56,5.71,6.0
SOLUSDT,1h,Normal,reversal,1,1.5,3,36,5.16,3.67,4.17
SOLUSDT,1h,Normal,reversal,1,1.5,4,26,-0.09,-1.47,-1.01
SOLUSDT,1h,Normal,reversal,1,2.5,0,21,2.09,1.25,1.53
SOLUSDT,1h,Normal,reversal,1,2.5,1,26,-1.44,-2.4,-2.08
SOLUSDT,1h,Normal,reversal,1,2.5,2,23,9.88,9.06,9.33
SOLUSDT,1h,Normal,reversal,1,2.5,3,33,3.53,2.17,2.62
SOLUSDT,1h,Normal,reversal,1,2.5,4,23,-1.72,-2.93,-2.53
SOLUSDT,1h,Normal,reversal,1,3.5,0,19,0.91,0.17,0.42
SOLUSDT,1h,Normal,reversal,1,3.5,1,25,-4.62,-5.52,-5.22
SOLUSDT,1h,Normal,reversal,1,3.5,2,20,9.91,9.22,9.45
SOLUSDT,1h,Normal,reversal,1,3.5,3,33,4.69,3.32,3.78
SOLUSDT,1h,Normal,reversal,1,3.5,4,23,-3.53,-4.75,-4.34
SOLUSDT,1h,VeryHigh,continuation,0,1.5,0,88,1.91,-1.16,-0.14
SOLUSDT,1h,VeryHigh,continuation,0,1.5,1,80,3.72,0.81,1.78
SOLUSDT,1h,VeryHigh,continuation,0,1.5,2,90,0.97,-2.44,-1.3
SOLUSDT,1h,VeryHigh,continuation,0,1.5,3,99,-14.66,-18.62,-17.3
SOLUSDT,1h,VeryHigh,continuation,0,1.5,4,101,-4.91,-9.93,-8.26
SOLUSDT,1h,VeryHigh,continuation,0,2.5,0,69,6.5,4.19,4.96
SOLUSDT,1h,VeryHigh,continuation,0,2.5,1,67,4.59,2.4,3.13
SOLUSDT,1h,VeryHigh,continuation,0,2.5,2,76,5.44,2.61,3.55
SOLUSDT,1h,VeryHigh,continuation,0,2.5,3,81,-2.88,-6.13,-5.05
SOLUSDT,1h,VeryHigh,continuation,0,2.5,4,88,-7.48,-11.61,-10.23
SOLUSDT,1h,VeryHigh,continuation,0,3.5,0,49,15.62,14.15,14.64
SOLUSDT,1h,VeryHigh,continuation,0,3.5,1,54,9.78,8.11,8.67
SOLUSDT,1h,VeryHigh,continuation,0,3.5,2,64,2.78,0.41,1.2
SOLUSDT,1h,VeryHigh,continuation,0,3.5,3,59,3.19,0.93,1.68
SOLUSDT,1h,VeryHigh,continuation,0,3.5,4,63,-0.13,-3.04,-2.07
SOLUSDT,1h,VeryHigh,continuation,1,1.5,0,70,0.09,-2.46,-1.61
SOLUSDT,1h,VeryHigh,continuation,1,1.5,1,68,0.12,-2.46,-1.6
SOLUSDT,1h,VeryHigh,continuation,1,1.5,2,78,3.56,0.59,1.58
SOLUSDT,1h,VeryHigh,continuation,1,1.5,3,76,3.22,0.19,1.2
SOLUSDT,1h,VeryHigh,continuation,1,1.5,4,86,-12.6,-16.91,-15.47
SOLUSDT,1h,VeryHigh,continuation,1,2.5,0,64,1.84,-0.44,0.32
SOLUSDT,1h,VeryHigh,continuation,1,2.5,1,56,6.25,4.31,4.96
SOLUSDT,1h,VeryHigh,continuation,1,2.5,2,66,8.12,5.68,6.49
SOLUSDT,1h,VeryHigh,continuation,1,2.5,3,71,8.16,5.32,6.27
SOLUSDT,1h,VeryHigh,continuation,1,2.5,4,76,-13.66,-17.38,-16.14
SOLUSDT,1h,VeryHigh,continuation,1,3.5,0,56,7.97,6.02,6.67
SOLUSDT,1h,VeryHigh,continuation,1,3.5,1,44,11.28,9.84,10.32
SOLUSDT,1h,VeryHigh,continuation,1,3.5,2,50,13.12,11.32,11.92
SOLUSDT,1h,VeryHigh,continuation,1,3.5,3,60,12.88,10.5,11.29
SOLUSDT,1h,VeryHigh,continuation,1,3.5,4,62,-14.13,-16.94,-16.01
SOLUSDT,1h,VeryHigh,reversal,0,1.5,0,37,3.47,2.09,2.55
SOLUSDT,1h,VeryHigh,reversal,0,1.5,1,30,3.94,2.7,3.11
SOLUSDT,1h,VeryHigh,reversal,0,1.5,2,35,7.78,6.37,6.84
SOLUSDT,1h,VeryHigh,reversal,0,1.5,3,26,8.72,7.58,7.96
SOLUSDT,1h,VeryHigh,reversal,0,1.5,4,35,1.69,0.02,0.57
SOLUSDT,1h,VeryHigh,reversal,0,2.5,0,35,1.78,0.47,0.91
SOLUSDT,1h,VeryHigh,reversal,0,2.5,1,30,7.38,6.14,6.55
SOLUSDT,1h,VeryHigh,reversal,0,2.5,2,35,9.28,7.87,8.34
SOLUSDT,1h,VeryHigh,reversal,0,2.5,3,24,11.34,10.31,10.65
SOLUSDT,1h,VeryHigh,reversal,0,2.5,4,35,5.97,4.3,4.85
SOLUSDT,1h,VeryHigh,reversal,0,3.5,0,35,1.88,0.56,1.0
SOLUSDT,1h,VeryHigh,reversal,0,3.5,1,26,4.16,3.15,3.48
SOLUSDT,1h,VeryHigh,reversal,0,3.5,2,34,10.12,8.76,9.21
SOLUSDT,1h,VeryHigh,reversal,0,3.5,3,24,15.91,14.87,15.22
SOLUSDT,1h,VeryHigh,reversal,0,3.5,4,31,6.5,5.04,5.53
SOLUSDT,1h,VeryHigh,reversal,1,1.5,0,12,1.16,0.78,0.91
SOLUSDT,1h,VeryHigh,reversal,1,1.5,1,12,4.81,4.32,4.48
SOLUSDT,1h,VeryHigh,reversal,1,1.5,2,11,4.91,4.44,4.6
SOLUSDT,1h,VeryHigh,reversal,1,1.5,3,9,4.19,3.72,3.88
SOLUSDT,1h,VeryHigh,reversal,1,1.5,4,8,-0.88,-1.26,-1.13
SOLUSDT,1h,VeryHigh,reversal,1,2.5,0,11,1.53,1.19,1.3
SOLUSDT,1h,VeryHigh,reversal,1,2.5,1,12,7.72,7.22,7.39
SOLUSDT,1h,VeryHigh,reversal,1,2.5,2,11,4.88,4.41,4.57
SOLUSDT,1h,VeryHigh,reversal,1,2.5,3,9,5.44,4.97,5.13
SOLUSDT,1h,VeryHigh,reversal,1,2.5,4,8,0.66,0.27,0.4
SOLUSDT,1h,VeryHigh,reversal,1,3.5,0,11,1.12,0.78,0.9
SOLUSDT,1h,VeryHigh,reversal,1,3.5,1,10,6.44,6.07,6.19
SOLUSDT,1h,VeryHigh,reversal,1,3.5,2,10,4.41,3.99,4.13
SOLUSDT,1h,VeryHigh,reversal,1,3.5,3,9,6.53,6.07,6.22
SOLUSDT,1h,VeryHigh,reversal,1,3.5,4,7,0.78,0.44,0.56
SOLUSDT,4h,Normal,continuation,0,1.5,0,20,8.16,7.81,7.93
SOLUSDT,4h,Normal,continuation,0,1.5,1,25,0.19,-0.25,-0.1
SOLUSDT,4h,Normal,continuation,0,1.5,2,28,-0.09,-0.62,-0.45
SOLUSDT,4h,Normal,continuation,0,1.5,3,34,0.97,0.31,0.53
SOLUSDT,4h,Normal,continuation,0,1.5,4,27,-0.15,-0.74,-0.54
SOLUSDT,4h,Normal,continuation,0,2.5,0,12,3.0,2.83,2.89
SOLUSDT,4h,Normal,continuation,0,2.5,1,22,-1.22,-1.61,-1.48
SOLUSDT,4h,Normal,continuation,0,2.5,2,29,-2.19,-2.74,-2.56
SOLUSDT,4h,Normal,continuation,0,2.5,3,28,1.53,1.0,1.18
SOLUSDT,4h,Normal,continuation,0,2.5,4,23,-1.18,-1.66,-1.5
SOLUSDT,4h,Normal,continuation,0,3.5,0,12,3.53,3.37,3.42
SOLUSDT,4h,Normal,continuation,0,3.5,1,19,4.06,3.73,3.84
SOLUSDT,4h,Normal,continuation,0,3.5,2,24,-3.34,-3.78,-3.63
SOLUSDT,4h,Normal,continuation,0,3.5,3,21,-5.88,-6.26,-6.13
SOLUSDT,4h,Normal,continuation,0,3.5,4,19,-1.71,-2.09,-1.96
SOLUSDT,4h,Normal,continuation,1,1.5,0,19,5.72,5.39,5.5
SOLUSDT,4h,Normal,continuation,1,1.5,1,21,3.88,3.48,3.61
SOLUSDT,4h,Normal,continuation,1,1.5,2,21,-2.31,-2.71,-2.58
SOLUSDT,4h,Normal,continuation,1,1.5,3,22,3.59,3.15,3.3
SOLUSDT,4h,Normal,continuation,1,1.5,4,22,0.38,-0.11,0.05
SOLUSDT,4h,Normal,continuation,1,2.5,0,16,4.53,4.27,4.36
SOLUSDT,4h,Normal,continuation,1,2.5,1,18,4.12,3.78,3.89
SOLUSDT,4h,Normal,continuation,1,2.5,2,20,-1.78,-2.16,-2.03
SOLUSDT,4h,Normal,continuation,1,2.5,3,16,1.09,0.79,0.89
SOLUSDT,4h,Normal,continuation,1,2.5,4,20,0.13,-0.31,-0.16
SOLUSDT,4h,Normal,continuation,1,3.5,0,14,3.56,3.35,3.42
SOLUSDT,4h,Normal,continuation,1,3.5,1,15,7.12,6.84,6.94
SOLUSDT,4h,Normal,continuation,1,3.5,2,15,-4.88,-5.13,-5.05
SOLUSDT,4h,Normal,continuation,1,3.5,3,13,-2.0,-2.24,-2.16
SOLUSDT,4h,Normal,continuation,1,3.5,4,18,-3.43,-3.82,-3.69
SOLUSDT,4h,Normal,reversal,0,1.5,0,15,5.03,4.77,4.86
SOLUSDT,4h,Normal,reversal,0,1.5,1,11,-1.78,-1.98,-1.91
SOLUSDT,4h,Normal,reversal,0,1.5,2,16,1.94,1.62,1.72
SOLUSDT,4h,Normal,reversal,0,1.5,3,12,3.56,3.33,3.41
SOLUSDT,4h,Normal,reversal,0,1.5,4,13,3.25,2.94,3.04
SOLUSDT,4h,Normal,reversal,0,2.5,0,3,1.34,1.31,1.32
SOLUSDT,4h,Normal,reversal,0,2.5,1,10,-0.94,-1.13,-1.06
SOLUSDT,4h,Normal,reversal,0,2.5,2,16,5.0,4.68,4.79
SOLUSDT,4h,Normal,reversal,0,2.5,3,9,3.19,3.02,3.07
SOLUSDT,4h,Normal,reversal,0,2.5,4,13,3.66,3.34,3.45
SOLUSDT,4h,Normal,reversal,0,3.5,0,3,0.47,0.43,0.44
SOLUSDT,4h,Normal,reversal,0,3.5,1,8,2.5,2.35,2.4
SOLUSDT,4h,Normal,reversal,0,3.5,2,10,2.59,2.41,2.47
SOLUSDT,4h,Normal,reversal,0,3.5,3,9,4.69,4.52,4.57
SOLUSDT,4h,Normal,reversal,0,3.5,4,11,1.66,1.4,1.49
SOLUSDT,4h,Normal,reversal,1,1.5,0,5,-0.44,-0.52,-0.49
SOLUSDT,4h,Normal,reversal,1,1.5,1,7,-0.06,-0.18,-0.14
SOLUSDT,4h,Normal,reversal,1,1.5,2,8,3.0,2.84,2.9
SOLUSDT,4h,Normal,reversal,1,1.5,3,5,0.53,0.44,0.47
SOLUSDT,4h,Normal,reversal,1,1.5,4,7,3.91,3.75,3.8
SOLUSDT,4h,Normal,reversal,1,2.5,0,2,-0.31,-0.33,-0.33
SOLUSDT,4h,Normal,reversal,1,2.5,1,6,0.5,0.39,0.43
SOLUSDT,4h,Normal,reversal,1,2.5,2,8,4.91,4.75,4.8
SOLUSDT,4h,Normal,reversal,1,2.5,3,5,1.09,1.0,1.03
SOLUSDT,4h,Normal,reversal,1,2.5,4,7,4.13,3.97,4.02
SOLUSDT,4h,Normal,reversal,1,3.5,0,2,-0.84,-0.86,-0.86
SOLUSDT,4h,Normal,reversal,1,3.5,1,5,2.31,2.22,2.25
SOLUSDT,4h,Normal,reversal,1,3.5,2,8,5.25,5.09,5.14
SOLUSDT,4h,Normal,reversal,1,3.5,3,5,1.84,1.75,1.78
SOLUSDT,4h,Normal,reversal,1,3.5,4,7,5.19,5.03,5.08
SOLUSDT,4h,VeryHigh,continuation,0,1.5,0,25,-2.0,-2.43,-2.29
SOLUSDT,4h,VeryHigh,continuation,0,1.5,1,21,1.91,1.48,1.63
SOLUSDT,4h,VeryHigh,continuation,0,1.5,2,24,0.94,0.51,0.65
SOLUSDT,4h,VeryHigh,continuation,0,1.5,3,19,0.5,0.14,0.26
SOLUSDT,4h,VeryHigh,continuation,0,1.5,4,21,-3.36,-3.87,-3.7
SOLUSDT,4h,VeryHigh,continuation,0,2.5,0,22,-1.56,-1.93,-1.81
SOLUSDT,4h,VeryHigh,continuation,0,2.5,1,20,3.5,3.1,3.23
SOLUSDT,4h,VeryHigh,continuation,0,2.5,2,21,4.09,3.73,3.85
SOLUSDT,4h,VeryHigh,continuation,0,2.5,3,15,-1.03,-1.3,-1.21
SOLUSDT,4h,VeryHigh,continuation,0,2.5,4,21,-3.18,-3.68,-3.51
SOLUSDT,4h,VeryHigh,continuation,0,3.5,0,21,1.34,1.0,1.11
SOLUSDT,4h,VeryHigh,continuation,0,3.5,1,15,2.34,2.03,2.14
SOLUSDT,4h,VeryHigh,continuation,0,3.5,2,11,0.91,0.73,0.79
SOLUSDT,4h,VeryHigh,continuation,0,3.5,3,14,-1.88,-2.13,-2.04
SOLUSDT,4h,VeryHigh,continuation,0,3.5,4,15,-2.46,-2.82,-2.7
SOLUSDT,4h,VeryHigh,continuation,1,1.5,0,19,-1.0,-1.34,-1.22
SOLUSDT,4h,VeryHigh,continuation,1,1.5,1,15,1.78,1.47,1.57
SOLUSDT,4h,VeryHigh,continuation,1,1.5,2,21,1.91,1.51,1.64
SOLUSDT,4h,VeryHigh,continuation,1,1.5,3,14,1.22,0.94,1.04
SOLUSDT,4h,VeryHigh,continuation,1,1.5,4,17,0.38,-0.03,0.11
SOLUSDT,4h,VeryHigh,continuation,1,2.5,0,16,-0.69,-0.96,-0.87
SOLUSDT,4h,VeryHigh,continuation,1,2.5,1,15,4.72,4.4,4.51
SOLUSDT,4h,VeryHigh,continuation,1,2.5,2,18,2.38,2.04,2.15
SOLUSDT,4h,VeryHigh,continuation,1,2.5,3,12,0.19,-0.04,0.03
SOLUSDT,4h,VeryHigh,continuation,1,2.5,4,17,-0.69,-1.09,-0.96
SOLUSDT,4h,VeryHigh,continuation,1,3.5,0,14,-0.09,-0.32,-0.25
SOLUSDT,4h,VeryHigh,continuation,1,3.5,1,10,4.16,3.93,4.01
SOLUSDT,4h,VeryHigh,continuation,1,3.5,2,14,0.44,0.18,0.26
SOLUSDT,4h,VeryHigh,continuation,1,3.5,3,12,1.25,1.02,1.1
SOLUSDT,4h,VeryHigh,continuation,1,3.5,4,12,0.59,0.31,0.4
SOLUSDT,4h,VeryHigh,reversal,0,1.5,0,8,4.31,4.19,4.23
SOLUSDT,4h,VeryHigh,reversal,0,1.5,1,4,1.19,1.12,1.14
SOLUSDT,4h,VeryHigh,reversal,0,1.5,2,9,0.31,0.14,0.2
SOLUSDT,4h,VeryHigh,reversal,0,1.5,3,5,3.09,3.0,3.03
SOLUSDT,4h,VeryHigh,reversal,0,1.5,4,8,0.25,0.02,0.1
SOLUSDT,4h,VeryHigh,reversal,0,2.5,0,2,1.38,1.35,1.36
SOLUSDT,4h,VeryHigh,reversal,0,2.5,1,3,0.53,0.48,0.5
SOLUSDT,4h,VeryHigh,reversal,0,2.5,2,9,-0.41,-0.58,-0.52
SOLUSDT,4h,VeryHigh,reversal,0,2.5,3,5,3.66,3.56,3.59
SOLUSDT,4h,VeryHigh,reversal,0,2.5,4,8,0.19,-0.04,0.04
SOLUSDT,4h,VeryHigh,reversal,0,3.5,0,2,0.31,0.29,0.3
SOLUSDT,4h,VeryHigh,reversal,0,3.5,1,3,-0.47,-0.52,-0.5
SOLUSDT,4h,VeryHigh,reversal,0,3.5,2,9,0.62,0.46,0.51
SOLUSDT,4h,VeryHigh,reversal,0,3.5,3,5,5.72,5.62,5.65
SOLUSDT,4h,VeryHigh,reversal,0,3.5,4,8,0.47,0.25,0.32
SOLUSDT,4h,VeryHigh,reversal,1,1.5,0,3,2.19,2.15,2.16
SOLUSDT,4h,VeryHigh,reversal,1,1.5,1,0,0.0,0.0,0.0
SOLUSDT,4h,VeryHigh,reversal,1,1.5,2,3,-0.28,-0.34,-0.32
SOLUSDT,4h,VeryHigh,reversal,1,1.5,3,2,0.28,0.25,0.26
SOLUSDT,4h,VeryHigh,reversal,1,1.5,4,4,1.0,0.86,0.91
SOLUSDT,4h,VeryHigh,reversal,1,2.5,0,2,1.38,1.35,1.36
SOLUSDT,4h,VeryHigh,reversal,1,2.5,1,0,0.0,0.0,0.0
SOLUSDT,4h,VeryHigh,reversal,1,2.5,2,3,-1.62,-1.68,-1.66
SOLUSDT,4h,VeryHigh,reversal,1,2.5,3,2,-1.03,-1.07,-1.05
SOLUSDT,4h,VeryHigh,reversal,1,2.5,4,4,-0.94,-1.07,-1.03
SOLUSDT,4h,VeryHigh,reversal,1,3.5,0,2,0.31,0.29,0.3
SOLUSDT,4h,VeryHigh,reversal,1,3.5,1,0,0.0,0.0,0.0
SOLUSDT,4h,VeryHigh,reversal,1,3.5,2,3,-1.38,-1.43,-1.41
SOLUSDT,4h,VeryHigh,reversal,1,3.5,3,2,-0.84,-0.88,-0.87
SOLUSDT,4h,VeryHigh,reversal,1,3.5,4,4,-1.22,-1.35,-1.31
XRPUSDT,15m,Normal,continuation,0,1.5,0,432,22.41,-19.05,-5.23
XRPUSDT,15m,Normal,continuation,0,1.5,1,440,7.12,-49.1,-30.36
XRPUSDT,15m,Normal,continuation,0,1.5,2,453,14.81,-35.98,-19.05
XRPUSDT,15m,Normal,continuation,0,1.5,3,408,25.59,-10.57,1.48
XRPUSDT,15m,Normal,continuation,0,1.5,4,464,8.32,-47.78,-29.08
XRPUSDT,15m,Normal,continuation,0,2.5,0,319,13.06,-16.9,-6.91
XRPUSDT,15m,Normal,continuation,0,2.5,1,338,9.56,-33.5,-19.14
XRPUSDT,15m,Normal,continuation,0,2.5,2,341,14.81,-22.59,-10.12
XRPUSDT,15m,Normal,continuation,0,2.5,3,305,24.28,-1.56,7.05
XRPUSDT,15m,Normal,continuation,0,2.5,4,322,35.45,-3.51,9.48
XRPUSDT,15m,Normal,continuation,0,3.5,0,254,-1.31,-23.98,-16.43
XRPUSDT,15m,Normal,continuation,0,3.5,1,262,20.78,-11.42,-0.69
XRPUSDT,15m,Normal,continuation,0,3.5,2,274,11.44,-17.58,-7.91
XRPUSDT,15m,Normal,continuation,0,3.5,3,252,27.84,7.38,14.2
XRPUSDT,15m,Normal,continuation,0,3.5,4,272,24.2,-7.14,3.31
XRPUSDT,15m,Normal,continuation,1,1.5,0,366,4.84,-32.41,-19.99
XRPUSDT,15m,Normal,continuation,1,1.5,1,340,5.09,-39.04,-24.33
XRPUSDT,15m,Normal,continuation,1,1.5,2,393,8.97,-37.84,-22.23
XRPUSDT,15m,Normal,continuation,1,1.5,3,348,15.69,-16.33,-5.66
XRPUSDT,15m,Normal,continuation,1,1.5,4,370,1.85,-42.12,-27.47
XRPUSDT,15m,Normal,continuation,1,2.5,0,283,5.56,-21.79,-12.67
XRPUSDT,15m,Normal,continuation,1,2.5,1,274,6.81,-27.99,-16.39
XRPUSDT,15m,Normal,continuation,1,2.5,2,313,31.84,-5.74,6.78
XRPUSDT,15m,Normal,continuation,1,2.5,3,284,15.75,-9.64,-1.18
XRPUSDT,15m,Normal,continuation,1,2.5,4,272,12.65,-19.41,-8.72
XRPUSDT,15m,Normal,continuation,1,3.5,0,240,7.19,-15.38,-7.86
XRPUSDT,15m,Normal,continuation,1,3.5,1,204,28.72,4.56,12.62
XRPUSDT,15m,Normal,continuation,1,3.5,2,257,30.81,0.83,10.82
XRPUSDT,15m,Normal,continuation,1,3.5,3,241,16.88,-4.65,2.52
XRPUSDT,15m,Normal,continuation,1,3.5,4,234,13.22,-13.41,-4.54
XRPUSDT,15m,Normal,reversal,0,1.5,0,247,-7.06,-31.19,-23.15
XRPUSDT,15m,Normal,reversal,0,1.5,1,239,-15.16,-47.5,-36.72
XRPUSDT,15m,Normal,reversal,0,1.5,2,242,-9.78,-40.51,-30.27
XRPUSDT,15m,Normal,reversal,0,1.5,3,191,32.72,14.57,20.62
XRPUSDT,15m,Normal,reversal,0,1.5,4,220,18.66,-8.94,0.26
XRPUSDT,15m,Normal,reversal,0,2.5,0,225,-18.97,-41.36,-33.89
XRPUSDT,15m,Normal,reversal,0,2.5,1,192,3.28,-21.14,-13.0
XRPUSDT,15m,Normal,reversal,0,2.5,2,221,-15.66,-43.76,-34.39
XRPUSDT,15m,Normal,reversal,0,2.5,3,170,24.66,8.48,13.87
XRPUSDT,15m,Normal,reversal,0,2.5,4,200,8.49,-16.4,-8.1
XRPUSDT,15m,Normal,reversal,0,3.5,0,208,-27.16,-47.42,-40.67
XRPUSDT,15m,Normal,reversal,0,3.5,1,163,3.88,-17.09,-10.1
XRPUSDT,15m,Normal,reversal,0,3.5,2,209,-14.5,-40.96,-32.14
XRPUSDT,15m,Normal,reversal,0,3.5,3,142,26.56,13.14,17.62
XRPUSDT,15m,Normal,reversal,0,3.5,4,182,11.36,-10.89,-3.47
XRPUSDT,15m,Normal,reversal,1,1.5,0,153,-2.09,-17.03,-12.05
XRPUSDT,15m,Normal,reversal,1,1.5,1,142,-11.88,-31.34,-24.85
XRPUSDT,15m,Normal,reversal,1,1.5,2,148,-7.94,-28.07,-21.36
XRPUSDT,15m,Normal,reversal,1,1.5,3,114,4.72,-6.44,-2.72
XRPUSDT,15m,Normal,reversal,1,1.5,4,140,11.72,-6.57,-0.47
XRPUSDT,15m,Normal,reversal,1,2.5,0,136,-6.53,-19.71,-15.31
XRPUSDT,15m,Normal,reversal,1,2.5,1,129,-10.94,-28.17,-22.43
XRPUSDT,15m,Normal,reversal,1,2.5,2,147,-7.09,-27.16,-20.47
XRPUSDT,15m,Normal,reversal,1,2.5,3,108,3.88,-6.53,-3.06
XRPUSDT,15m,Normal,reversal,1,2.5,4,132,15.4,-1.84,3.91
XRPUSDT,15m,Normal,reversal,1,3.5,0,127,-13.0,-25.16,-21.1
XRPUSDT,15m,Normal,reversal,1,3.5,1,116,-19.44,-34.93,-29.76
XRPUSDT,15m,Normal,reversal,1,3.5,2,144,-7.03,-26.39,-19.94
XRPUSDT,15m,Normal,reversal,1,3.5,3,97,6.16,-3.0,0.05
XRPUSDT,15m,Normal,reversal,1,3.5,4,116,23.02,8.47,13.32
XRPUSDT,15m,VeryHigh,continuation,0,1.5,0,372,-6.34,-42.92,-30.73
XRPUSDT,15m,VeryHigh,continuation,0,1.5,1,348,15.69,-29.94,-14.73
XRPUSDT,15m,VeryHigh,continuation,0,1.5,2,380,4.47,-39.88,-25.1
XRPUSDT,15m,VeryHigh,continuation,0,1.5,3,361,2.72,-30.35,-19.33
XRPUSDT,15m,VeryHigh,continuation,0,1.5,4,370,13.02,-31.59,-16.72
XRPUSDT,15m,VeryHigh,continuation,0,2.5,0,300,-12.91,-41.93,-32.26
XRPUSDT,15m,VeryHigh,continuation,0,2.5,1,259,20.31,-12.18,-1.35
XRPUSDT,15m,VeryHigh,continuation,0,2.5,2,309,0.88,-35.41,-23.31
XRPUSDT,15m,VeryHigh,continuation,0,2.5,3,290,7.62,-18.77,-9.97
XRPUSDT,15m,VeryHigh,continuation,0,2.5,4,290,30.8,-3.73,7.78
XRPUSDT,15m,VeryHigh,continuation,0,3.5,0,259,-19.06,-43.42,-35.3
XRPUSDT,15m,VeryHigh,continuation,0,3.5,1,200,18.12,-6.87,1.46
XRPUSDT,15m,VeryHigh,continuation,0,3.5,2,266,-16.5,-45.59,-35.89
XRPUSDT,15m,VeryHigh,continuation,0,3.5,3,210,40.34,21.22,27.6
XRPUSDT,15m,VeryHigh,continuation,0,3.5,4,252,26.16,-3.25,6.56
XRPUSDT,15m,VeryHigh,continuation,1,1.5,0,307,-0.84,-32.79,-22.14
XRPUSDT,15m,VeryHigh,continuation,1,1.5,1,296,23.94,-16.37,-2.93
XRPUSDT,15m,VeryHigh,continuation,1,1.5,2,314,-7.62,-46.19,-33.33
XRPUSDT,15m,VeryHigh,continuation,1,1.5,3,287,-3.19,-30.41,-21.34
XRPUSDT,15m,VeryHigh,continuation,1,1.5,4,310,4.02,-34.12,-21.41
XRPUSDT,15m,VeryHigh,continuation,1,2.5,0,251,9.12,-16.32,-7.84
XRPUSDT,15m,VeryHigh,continuation,1,2.5,1,243,12.69,-19.24,-8.6
XRPUSDT,15m,VeryHigh,continuation,1,2.5,2,264,2.47,-29.89,-19.1
XRPUSDT,15m,VeryHigh,continuation,1,2.5,3,246,1.28,-21.57,-13.96
XRPUSDT,15m,VeryHigh,continuation,1,2.5,4,255,9.17,-21.43,-11.23
XRPUSDT,15m,VeryHigh,continuation,1,3.5,0,211,6.75,-13.29,-6.61
XRPUSDT,15m,VeryHigh,continuation,1,3.5,1,203,16.12,-10.54,-1.65
XRPUSDT,15m,VeryHigh,continuation,1,3.5,2,231,0.88,-26.14,-17.14
XRPUSDT,15m,VeryHigh,continuation,1,3.5,3,198,22.75,4.01,10.26
XRPUSDT,15m,VeryHigh,continuation,1,3.5,4,229,-0.05,-26.91,-17.95
XRPUSDT,15m,VeryHigh,reversal,0,1.5,0,143,-3.56,-18.28,-13.37
XRPUSDT,15m,VeryHigh,reversal,0,1.5,1,128,5.59,-10.72,-5.28
XRPUSDT,15m,VeryHigh,reversal,0,1.5,2,125,-8.81,-24.07,-18.98
XRPUSDT,15m,VeryHigh,reversal,0,1.5,3,120,-2.16,-12.85,-9.29
XRPUSDT,15m,VeryHigh,reversal,0,1.5,4,150,-7.44,-25.92,-19.76
XRPUSDT,15m,VeryHigh,reversal,0,2.5,0,140,-4.41,-18.6,-13.87
XRPUSDT,15m,VeryHigh,reversal,0,2.5,1,125,5.81,-9.78,-4.58
XRPUSDT,15m,VeryHigh,reversal,0,2.5,2,124,-7.44,-22.44,-17.44
XRPUSDT,15m,VeryHigh,reversal,0,2.5,3,113,-7.31,-17.26,-13.94
XRPUSDT,15m,VeryHigh,reversal,0,2.5,4,149,-8.94,-27.31,-21.19
XRPUSDT,15m,VeryHigh,reversal,0,3.5,0,133,-5.31,-18.83,-14.33
XRPUSDT,15m,VeryHigh,reversal,0,3.5,1,122,6.75,-8.59,-3.48
XRPUSDT,15m,VeryHigh,reversal,0,3.5,2,119,-5.38,-19.53,-14.81
XRPUSDT,15m,VeryHigh,reversal,0,3.5,3,111,-10.22,-19.91,-16.68
XRPUSDT,15m,VeryHigh,reversal,0,3.5,4,137,0.6,-16.42,-10.75
XRPUSDT,15m,VeryHigh,reversal,1,1.5,0,53,-3.41,-9.07,-7.18
XRPUSDT,15m,VeryHigh,reversal,1,1.5,1,43,-5.53,-11.16,-9.29
XRPUSDT,15m,VeryHigh,reversal,1,1.5,2,45,-9.56,-15.56,-13.56
XRPUSDT,15m,VeryHigh,reversal,1,1.5,3,45,-8.09,-12.01,-10.7
XRPUSDT,15m,VeryHigh,reversal,1,1.5,4,56,2.47,-4.53,-2.2
XRPUSDT,15m,VeryHigh,reversal,1,2.5,0,53,-1.5,-7.16,-5.27
XRPUSDT,15m,VeryHigh,reversal,1,2.5,1,43,-5.53,-11.16,-9.29
XRPUSDT,15m,VeryHigh,reversal,1,2.5,2,45,-10.09,-16.09,-14.09
XRPUSDT,15m,VeryHigh,reversal,1,2.5,3,45,-11.91,-15.82,-14.51
XRPUSDT,15m,VeryHigh,reversal,1,2.5,4,56,3.16,-3.84,-1.51
XRPUSDT,15m,VeryHigh,reversal,1,3.5,0,52,-2.16,-7.7,-5.85
XRPUSDT,15m,VeryHigh,reversal,1,3.5,1,43,-1.84,-7.48,-5.6
XRPUSDT,15m,VeryHigh,reversal,1,3.5,2,44,-9.69,-15.4,-13.5
XRPUSDT,15m,VeryHigh,reversal,1,3.5,3,45,-14.28,-18.19,-16.89
XRPUSDT,15m,VeryHigh,reversal,1,3.5,4,52,0.84,-5.74,-3.55
XRPUSDT,1h,Normal,continuation,0,1.5,0,113,-0.75,-5.92,-4.2
XRPUSDT,1h,Normal,continuation,0,1.5,1,104,-9.53,-15.84,-13.74
XRPUSDT,1h,Normal,continuation,0,1.5,2,106,4.94,-0.73,1.16
XRPUSDT,1h,Normal,continuation,0,1.5,3,94,6.38,2.57,3.84
XRPUSDT,1h,Normal,continuation,0,1.5,4,113,-2.72,-8.91,-6.85
XRPUSDT,1h,Normal,continuation,0,2.5,0,90,-15.66,-19.67,-18.33
XRPUSDT,1h,Normal,continuation,0,2.5,1,77,-11.75,-16.12,-14.66
XRPUSDT,1h,Normal,continuation,0,2.5,2,74,6.75,3.06,4.29
XRPUSDT,1h,Normal,continuation,0,2.5,3,71,6.09,3.31,4.24
XRPUSDT,1h,Normal,continuation,0,2.5,4,91,-1.29,-6.32,-4.64
XRPUSDT,1h,Normal,continuation,0,3.5,0,80,-10.94,-14.48,-13.3
XRPUSDT,1h,Normal,continuation,0,3.5,1,59,-5.69,-8.76,-7.74
XRPUSDT,1h,Normal,continuation,0,3.5,2,59,14.12,11.18,12.16
XRPUSDT,1h,Normal,continuation,0,3.5,3,61,4.41,2.11,2.88
XRPUSDT,1h,Normal,continuation,0,3.5,4,71,2.99,-0.9,0.4
XRPUSDT,1h,Normal,continuation,1,1.5,0,91,-1.94,-6.09,-4.71
XRPUSDT,1h,Normal,continuation,1,1.5,1,91,-6.47,-12.11,-10.23
XRPUSDT,1h,Normal,continuation,1,1.5,2,83,12.84,8.12,9.69
XRPUSDT,1h,Normal,continuation,1,1.5,3,81,9.28,5.93,7.05
XRPUSDT,1h,Normal,continuation,1,1.5,4,100,-6.31,-12.03,-10.12
XRPUSDT,1h,Normal,continuation,1,2.5,0,73,-10.28,-13.61,-12.5
XRPUSDT,1h,Normal,continuation,1,2.5,1,68,-3.22,-7.18,-5.86
XRPUSDT,1h,Normal,continuation,1,2.5,2,56,13.44,10.48,11.47
XRPUSDT,1h,Normal,continuation,1,2.5,3,65,8.56,5.98,6.84
XRPUSDT,1h,Normal,continuation,1,2.5,4,85,-13.42,-18.26,-16.64
XRPUSDT,1h,Normal,continuation,1,3.5,0,66,-11.72,-14.63,-13.66
XRPUSDT,1h,Normal,continuation,1,3.5,1,52,1.41,-1.54,-0.56
XRPUSDT,1h,Normal,continuation,1,3.5,2,47,17.44,14.92,15.76
XRPUSDT,1h,Normal,continuation,1,3.5,3,50,7.81,6.0,6.61
XRPUSDT,1h,Normal,continuation,1,3.5,4,66,-8.7,-12.39,-11.16
XRPUSDT,1h,Normal,reversal,0,1.5,0,74,4.12,0.45,1.67
XRPUSDT,1h,Normal,reversal,0,1.5,1,56,-2.28,-5.65,-4.53
XRPUSDT,1h,Normal,reversal,0,1.5,2,47,10.41,7.61,8.54
XRPUSDT,1h,Normal,reversal,0,1.5,3,56,8.22,5.86,6.65
XRPUSDT,1h,Normal,reversal,0,1.5,4,55,-2.16,-5.38,-4.31
XRPUSDT,1h,Normal,reversal,0,2.5,0,59,1.62,-1.13,-0.21
XRPUSDT,1h,Normal,reversal,0,2.5,1,49,1.47,-1.29,-0.37
XRPUSDT,1h,Normal,reversal,0,2.5,2,45,11.72,9.03,9.93
XRPUSDT,1h,Normal,reversal,0,2.5,3,46,17.5,15.54,16.19
XRPUSDT,1h,Normal,reversal,0,2.5,4,55,-2.84,-6.07,-4.99
XRPUSDT,1h,Normal,reversal,0,3.5,0,52,-5.25,-7.67,-6.86
XRPUSDT,1h,Normal,reversal,0,3.5,1,43,-4.31,-6.7,-5.9
XRPUSDT,1h,Normal,reversal,0,3.5,2,30,7.72,6.23,6.73
XRPUSDT,1h,Normal,reversal,0,3.5,3,38,17.25,15.8,16.28
XRPUSDT,1h,Normal,reversal,0,3.5,4,47,1.22,-1.54,-0.62
XRPUSDT,1h,Normal,reversal,1,1.5,0,39,-5.16,-7.12,-6.47
XRPUSDT,1h,Normal,reversal,1,1.5,1,33,8.03,6.01,6.68
XRPUSDT,1h,Normal,reversal,1,1.5,2,34,2.62,0.76,1.38
XRPUSDT,1h,Normal,reversal,1,1.5,3,30,12.03,10.64,11.1
XRPUSDT,1h,Normal,reversal,1,1.5,4,39,4.41,1.91,2.74
XRPUSDT,1h,Normal,reversal,1,2.5,0,36,-6.75,-8.57,-7.96
XRPUSDT,1h,Normal,reversal,1,2.5,1,31,10.38,8.56,9.17
XRPUSDT,1h,Normal,reversal,1,2.5,2,32,5.53,3.78,4.36
XRPUSDT,1h,Normal,reversal,1,2.5,3,28,19.44,18.15,18.58
XRPUSDT,1h,Normal,reversal,1,2.5,4,39,8.56,6.07,6.9
XRPUSDT,1h,Normal,reversal,1,3.5,0,34,-8.56,-10.3,-9.72
XRPUSDT,1h,Normal,reversal,1,3.5,1,27,10.69,9.1,9.63
XRPUSDT,1h,Normal,reversal,1,3.5,2,27,5.69,4.36,4.8
XRPUSDT,1h,Normal,reversal,1,3.5,3,23,20.38,19.34,19.68
XRPUSDT,1h,Normal,reversal,1,3.5,4,33,12.44,10.46,11.12
XRPUSDT,1h,VeryHigh,continuation,0,1.5,0,104,-8.38,-13.41,-11.73
XRPUSDT,1h,VeryHigh,continuation,0,1.5,1,87,-14.31,-19.26,-17.61
XRPUSDT,1h,VeryHigh,continuation,0,1.5,2,85,13.0,8.47,9.98
XRPUSDT,1h,VeryHigh,continuation,0,1.5,3,84,2.66,-0.77,0.37
XRPUSDT,1h,VeryHigh,continuation,0,1.5,4,97,-9.59,-15.12,-13.28
XRPUSDT,1h,VeryHigh,continuation,0,2.5,0,80,-11.22,-15.0,-13.74
XRPUSDT,1h,VeryHigh,continuation,0,2.5,1,68,-9.25,-12.93,-11.7
XRPUSDT,1h,VeryHigh,continuation,0,2.5,2,72,17.0,13.24,14.49
XRPUSDT,1h,VeryHigh,continuation,0,2.5,3,75,-1.72,-4.79,-3.77
XRPUSDT,1h,VeryHigh,continuation,0,2.5,4,82,-8.88,-13.5,-11.96
XRPUSDT,1h,VeryHigh,continuation,0,3.5,0,65,-4.12,-7.1,-6.11
XRPUSDT,1h,VeryHigh,continuation,0,3.5,1,56,-6.16,-9.04,-8.08
XRPUSDT,1h,VeryHigh,continuation,0,3.5,2,50,19.03,16.76,17.52
XRPUSDT,1h,VeryHigh,continuation,0,3.5,3,56,5.28,3.23,3.91
XRPUSDT,1h,VeryHigh,continuation,0,3.5,4,59,-3.44,-6.83,-5.7
XRPUSDT,1h,VeryHigh,continuation,1,1.5,0,83,-6.06,-10.1,-8.75
XRPUSDT,1h,VeryHigh,continuation,1,1.5,1,66,-0.66,-4.57,-3.27
XRPUSDT,1h,VeryHigh,continuation,1,1.5,2,69,10.69,6.92,8.17
XRPUSDT,1h,VeryHigh,continuation,1,1.5,3,69,3.19,0.22,1.21
XRPUSDT,1h,VeryHigh,continuation,1,1.5,4,83,-5.87,-10.7,-9.09
XRPUSDT,1h,VeryHigh,continuation,1,2.5,0,72,-13.22,-16.71,-15.54
XRPUSDT,1h,VeryHigh,continuation,1,2.5,1,49,6.09,3.4,4.3
XRPUSDT,1h,VeryHigh,continuation,1,2.5,2,60,17.38,14.19,15.25
XRPUSDT,1h,VeryHigh,continuation,1,2.5,3,66,-2.5,-5.36,-4.41
XRPUSDT,1h,VeryHigh,continuation,1,2.5,4,70,-10.04,-14.1,-12.75
XRPUSDT,1h,VeryHigh,continuation,1,3.5,0,62,-13.22,-16.14,-15.17
XRPUSDT,1h,VeryHigh,continuation,1,3.5,1,43,9.28,6.98,7.75
XRPUSDT,1h,VeryHigh,continuation,1,3.5,2,44,14.97,12.9,13.59
XRPUSDT,1h,VeryHigh,continuation,1,3.5,3,52,1.06,-0.95,-0.28
XRPUSDT,1h,VeryHigh,continuation,1,3.5,4,58,-7.48,-10.96,-9.8
XRPUSDT,1h,VeryHigh,reversal,0,1.5,0,33,2.41,0.77,1.32
XRPUSDT,1h,VeryHigh,reversal,0,1.5,1,29,4.84,3.22,3.76
XRPUSDT,1h,VeryHigh,reversal,0,1.5,2,32,10.47,8.92,9.43
XRPUSDT,1h,VeryHigh,reversal,0,1.5,3,38,-0.09,-1.7,-1.16
XRPUSDT,1h,VeryHigh,reversal,0,1.5,4,31,4.09,2.33,2.92
XRPUSDT,1h,VeryHigh,reversal,0,2.5,0,33,0.62,-1.0,-0.46
XRPUSDT,1h,VeryHigh,reversal,0,2.5,1,25,1.56,0.21,0.66
XRPUSDT,1h,VeryHigh,reversal,0,2.5,2,31,10.0,8.49,8.99
XRPUSDT,1h,VeryHigh,reversal,0,2.5,3,38,2.19,0.59,1.12
XRPUSDT,1h,VeryHigh,reversal,0,2.5,4,31,6.38,4.61,5.2
XRPUSDT,1h,VeryHigh,reversal,0,3.5,0,33,1.06,-0.56,-0.02
XRPUSDT,1h,VeryHigh,reversal,0,3.5,1,24,0.53,-0.78,-0.34
XRPUSDT,1h,VeryHigh,reversal,0,3.5,2,31,8.34,6.83,7.34
XRPUSDT,1h,VeryHigh,reversal,0,3.5,3,38,5.16,3.56,4.09
XRPUSDT,1h,VeryHigh,reversal,0,3.5,4,31,7.19,5.43,6.01
XRPUSDT,1h,VeryHigh,reversal,1,1.5,0,13,2.03,1.36,1.58
XRPUSDT,1h,VeryHigh,reversal,1,1.5,1,11,0.59,-0.03,0.18
XRPUSDT,1h,VeryHigh,reversal,1,1.5,2,17,7.72,6.9,7.17
XRPUSDT,1h,VeryHigh,reversal,1,1.5,3,15,0.19,-0.5,-0.27
XRPUSDT,1h,VeryHigh,reversal,1,1.5,4,8,1.69,1.26,1.4
XRPUSDT,1h,VeryHigh,reversal,1,2.5,0,13,2.0,1.33,1.55
XRPUSDT,1h,VeryHigh,reversal,1,2.5,1,10,-3.0,-3.52,-3.35
XRPUSDT,1h,VeryHigh,reversal,1,2.5,2,17,7.62,6.8,7.08
XRPUSDT,1h,VeryHigh,reversal,1,2.5,3,15,2.16,1.47,1.7
XRPUSDT,1h,VeryHigh,reversal,1,2.5,4,8,0.75,0.32,0.47
XRPUSDT,1h,VeryHigh,reversal,1,3.5,0,13,1.41,0.74,0.96
XRPUSDT,1h,VeryHigh,reversal,1,3.5,1,10,-2.88,-3.4,-3.22
XRPUSDT,1h,VeryHigh,reversal,1,3.5,2,17,6.34,5.52,5.8
XRPUSDT,1h,VeryHigh,reversal,1,3.5,3,15,2.81,2.13,2.36
XRPUSDT,1h,VeryHigh,reversal,1,3.5,4,8,-0.19,-0.61,-0.47
XRPUSDT,4h,Normal,continuation,0,1.5,0,23,-4.59,-5.12,-4.94
XRPUSDT,4h,Normal,continuation,0,1.5,1,23,2.56,2.03,2.21
XRPUSDT,4h,Normal,continuation,0,1.5,2,23,4.59,4.12,4.28
XRPUSDT,4h,Normal,continuation,0,1.5,3,24,-2.84,-3.33,-3.17
XRPUSDT,4h,Normal,continuation,0,1.5,4,33,-2.53,-3.4,-3.11
XRPUSDT,4h,Normal,continuation,0,2.5,0,20,-4.5,-4.97,-4.81
XRPUSDT,4h,Normal,continuation,0,2.5,1,19,2.03,1.63,1.76
XRPUSDT,4h,Normal,continuation,0,2.5,2,17,-0.06,-0.43,-0.3
XRPUSDT,4h,Normal,continuation,0,2.5,3,14,-6.38,-6.59,-6.52
XRPUSDT,4h,Normal,continuation,0,2.5,4,25,-0.12,-0.8,-0.58
XRPUSDT,4h,Normal,continuation,0,3.5,0,17,-6.0,-6.36,-6.24
XRPUSDT,4h,Normal,continuation,0,3.5,1,14,-2.53,-2.84,-2.74
XRPUSDT,4h,Normal,continuation,0,3.5,2,13,1.84,1.62,1.69
XRPUSDT,4h,Normal,continuation,0,3.5,3,14,-5.53,-5.75,-5.68
XRPUSDT,4h,Normal,continuation,0,3.5,4,21,-0.55,-1.09,-0.91
XRPUSDT,4h,Normal,continuation,1,1.5,0,26,-7.16,-7.76,-7.56
XRPUSDT,4h,Normal,continuation,1,1.5,1,21,-2.38,-2.9,-2.73
XRPUSDT,4h,Normal,continuation,1,1.5,2,17,3.56,3.2,3.32
XRPUSDT,4h,Normal,continuation,1,1.5,3,23,-0.78,-1.27,-1.1
XRPUSDT,4h,Normal,continuation,1,1.5,4,26,-0.09,-0.8,-0.56
XRPUSDT,4h,Normal,continuation,1,2.5,0,25,-8.06,-8.63,-8.44
XRPUSDT,4h,Normal,continuation,1,2.5,1,17,-1.19,-1.59,-1.46
XRPUSDT,4h,Normal,continuation,1,2.5,2,14,0.94,0.68,0.77
XRPUSDT,4h,Normal,continuation,1,2.5,3,13,-2.81,-3.03,-2.96
XRPUSDT,4h,Normal,continuation,1,2.5,4,22,1.09,0.5,0.7
XRPUSDT,4h,Normal,continuation,1,3.5,0,23,-9.03,-9.52,-9.36
XRPUSDT,4h,Normal,continuation,1,3.5,1,15,-0.81,-1.19,-1.06
XRPUSDT,4h,Normal,continuation,1,3.5,2,10,0.06,-0.1,-0.05
XRPUSDT,4h,Normal,continuation,1,3.5,3,13,-1.34,-1.56,-1.49
XRPUSDT,4h,Normal,continuation,1,3.5,4,14,-0.4,-0.74,-0.63
XRPUSDT,4h,Normal,reversal,0,1.5,0,17,-0.12,-0.5,-0.38
XRPUSDT,4h,Normal,reversal,0,1.5,1,11,0.34,0.06,0.16
XRPUSDT,4h,Normal,reversal,0,1.5,2,12,-1.12,-1.37,-1.29
XRPUSDT,4h,Normal,reversal,0,1.5,3,21,-6.88,-7.34,-7.18
XRPUSDT,4h,Normal,reversal,0,1.5,4,12,3.84,3.47,3.6
XRPUSDT,4h,Normal,reversal,0,2.5,0,8,-3.97,-4.13,-4.07
XRPUSDT,4h,Normal,reversal,0,2.5,1,11,1.59,1.31,1.41
XRPUSDT,4h,Normal,reversal,0,2.5,2,12,-1.0,-1.25,-1.16
XRPUSDT,4h,Normal,reversal,0,2.5,3,21,-6.31,-6.78,-6.62
XRPUSDT,4h,Normal,reversal,0,2.5,4,12,8.5,8.13,8.25
XRPUSDT,4h,Normal,reversal,0,3.5,0,8,-4.75,-4.91,-4.86
XRPUSDT,4h,Normal,reversal,0,3.5,1,11,2.69,2.4,2.5
XRPUSDT,4h,Normal,reversal,0,3.5,2,12,-0.81,-1.06,-0.98
XRPUSDT,4h,Normal,reversal,0,3.5,3,20,-9.0,-9.44,-9.29
XRPUSDT,4h,Normal,reversal,0,3.5,4,10,11.19,10.9,11.0
XRPUSDT,4h,Normal,reversal,1,1.5,0,13,-1.94,-2.22,-2.13
XRPUSDT,4h,Normal,reversal,1,1.5,1,8,-7.31,-7.55,-7.47
XRPUSDT,4h,Normal,reversal,1,1.5,2,8,3.78,3.58,3.65
XRPUSDT,4h,Normal,reversal,1,1.5,3,14,-2.5,-2.78,-2.69
XRPUSDT,4h,Normal,reversal,1,1.5,4,7,2.69,2.47,2.54
XRPUSDT,4h,Normal,reversal,1,2.5,0,6,-3.25,-3.37,-3.33
XRPUSDT,4h,Normal,reversal,1,2.5,1,8,-8.0,-8.23,-8.16
XRPUSDT,4h,Normal,reversal,1,2.5,2,8,4.75,4.55,4.61
XRPUSDT,4h,Normal,reversal,1,2.5,3,13,-2.97,-3.23,-3.14
XRPUSDT,4h,Normal,reversal,1,2.5,4,7,5.81,5.59,5.67
XRPUSDT,4h,Normal,reversal,1,3.5,0,6,-3.91,-4.03,-3.99
XRPUSDT,4h,Normal,reversal,1,3.5,1,8,-8.0,-8.23,-8.16
XRPUSDT,4h,Normal,reversal,1,3.5,2,7,5.09,4.91,4.97
XRPUSDT,4h,Normal,reversal,1,3.5,3,10,-4.94,-5.12,-5.06
XRPUSDT,4h,Normal,reversal,1,3.5,4,6,8.81,8.63,8.69
XRPUSDT,4h,VeryHigh,continuation,0,1.5,0,23,0.78,0.29,0.45
XRPUSDT,4h,VeryHigh,continuation,0,1.5,1,27,-5.31,-5.99,-5.76
XRPUSDT,4h,VeryHigh,continuation,0,1.5,2,16,5.0,4.68,4.79
XRPUSDT,4h,VeryHigh,continuation,0,1.5,3,27,-6.97,-7.57,-7.37
XRPUSDT,4h,VeryHigh,continuation,0,1.5,4,23,4.59,3.95,4.16
XRPUSDT,4h,VeryHigh,continuation,0,2.5,0,19,-0.62,-1.03,-0.89
XRPUSDT,4h,VeryHigh,continuation,0,2.5,1,22,-7.62,-8.15,-7.98
XRPUSDT,4h,VeryHigh,continuation,0,2.5,2,13,6.81,6.55,6.64
XRPUSDT,4h,VeryHigh,continuation,0,2.5,3,13,-8.25,-8.48,-8.4
XRPUSDT,4h,VeryHigh,continuation,0,2.5,4,17,7.94,7.45,7.61
XRPUSDT,4h,VeryHigh,continuation,0,3.5,0,17,-1.22,-1.57,-1.45
XRPUSDT,4h,VeryHigh,continuation,0,3.5,1,20,-7.16,-7.61,-7.46
XRPUSDT,4h,VeryHigh,continuation,0,3.5,2,8,5.72,5.58,5.63
XRPUSDT,4h,VeryHigh,continuation,0,3.5,3,11,-8.22,-8.43,-8.36
XRPUSDT,4h,VeryHigh,continuation,0,3.5,4,15,8.2,7.77,7.91
XRPUSDT,4h,VeryHigh,continuation,1,1.5,0,22,-3.12,-3.64,-3.47
XRPUSDT,4h,VeryHigh,continuation,1,1.5,1,21,-6.28,-6.82,-6.64
XRPUSDT,4h,VeryHigh,continuation,1,1.5,2,11,5.34,5.11,5.19
XRPUSDT,4h,VeryHigh,continuation,1,1.5,3,24,-1.66,-2.19,-2.01
XRPUSDT,4h,VeryHigh,continuation,1,1.5,4,15,0.91,0.51,0.64
XRPUSDT,4h,VeryHigh,continuation,1,2.5,0,22,-0.28,-0.79,-0.62
XRPUSDT,4h,VeryHigh,continuation,1,2.5,1,16,-8.28,-8.67,-8.54
XRPUSDT,4h,VeryHigh,continuation,1,2.5,2,11,5.84,5.61,5.69
XRPUSDT,4h,VeryHigh,continuation,1,2.5,3,12,-5.81,-6.03,-5.95
XRPUSDT,4h,VeryHigh,continuation,1,2.5,4,13,1.69,1.35,1.46
XRPUSDT,4h,VeryHigh,continuation,1,3.5,0,17,0.81,0.44,0.56
XRPUSDT,4h,VeryHigh,continuation,1,3.5,1,16,-9.56,-9.95,-9.82
XRPUSDT,4h,VeryHigh,continuation,1,3.5,2,7,4.19,4.07,4.11
XRPUSDT,4h,VeryHigh,continuation,1,3.5,3,12,-6.72,-6.93,-6.86
XRPUSDT,4h,VeryHigh,continuation,1,3.5,4,10,2.04,1.78,1.86
XRPUSDT,4h,VeryHigh,reversal,0,1.5,0,8,-0.19,-0.37,-0.31
XRPUSDT,4h,VeryHigh,reversal,0,1.5,1,7,1.09,0.92,0.98
XRPUSDT,4h,VeryHigh,reversal,0,1.5,2,7,-0.41,-0.56,-0.51
XRPUSDT,4h,VeryHigh,reversal,0,1.5,3,9,-2.69,-2.91,-2.84
XRPUSDT,4h,VeryHigh,reversal,0,1.5,4,8,-1.16,-1.41,-1.32
XRPUSDT,4h,VeryHigh,reversal,0,2.5,0,8,-0.94,-1.12,-1.06
XRPUSDT,4h,VeryHigh,reversal,0,2.5,1,5,2.78,2.68,2.71
XRPUSDT,4h,VeryHigh,reversal,0,2.5,2,7,0.22,0.06,0.11
XRPUSDT,4h,VeryHigh,reversal,0,2.5,3,9,-2.5,-2.73,-2.65
XRPUSDT,4h,VeryHigh,reversal,0,2.5,4,8,0.09,-0.16,-0.07
XRPUSDT,4h,VeryHigh,reversal,0,3.5,0,7,-4.0,-4.15,-4.1
XRPUSDT,4h,VeryHigh,reversal,0,3.5,1,5,3.0,2.89,2.93
XRPUSDT,4h,VeryHigh,reversal,0,3.5,2,7,-1.25,-1.41,-1.35
XRPUSDT,4h,VeryHigh,reversal,0,3.5,3,9,-3.28,-3.51,-3.43
XRPUSDT,4h,VeryHigh,reversal,0,3.5,4,8,1.56,1.31,1.4
XRPUSDT,4h,VeryHigh,reversal,1,1.5,0,8,-0.19,-0.37,-0.31
XRPUSDT,4h,VeryHigh,reversal,1,1.5,1,5,2.75,2.63,2.67
XRPUSDT,4h,VeryHigh,reversal,1,1.5,2,2,-0.06,-0.1,-0.09
XRPUSDT,4h,VeryHigh,reversal,1,1.5,3,5,-2.91,-3.02,-2.98
XRPUSDT,4h,VeryHigh,reversal,1,1.5,4,2,0.28,0.21,0.23
XRPUSDT,4h,VeryHigh,reversal,1,2.5,0,8,-0.94,-1.12,-1.06
XRPUSDT,4h,VeryHigh,reversal,1,2.5,1,5,2.78,2.66,2.7
XRPUSDT,4h,VeryHigh,reversal,1,2.5,2,2,0.56,0.53,0.54
XRPUSDT,4h,VeryHigh,reversal,1,2.5,3,5,-3.62,-3.74,-3.7
XRPUSDT,4h,VeryHigh,reversal,1,2.5,4,2,0.97,0.9,0.92
XRPUSDT,4h,VeryHigh,reversal,1,3.5,0,7,-4.0,-4.15,-4.1
XRPUSDT,4h,VeryHigh,reversal,1,3.5,1,5,3.0,2.87,2.92
XRPUSDT,4h,VeryHigh,reversal,1,3.5,2,2,0.06,0.03,0.04
XRPUSDT,4h,VeryHigh,reversal,1,3.5,3,5,-4.53,-4.65,-4.61
XRPUSDT,4h,VeryHigh,reversal,1,3.5,4,2,1.19,1.12,1.14
